,name,price,priceNoSign,prescriptionRequired,detail_quantity,covers,quantity,units,manufacturer,prodLink,salts,prodUrl
0,Budecort 0.5mg Respules 2ml,₹ 132.5,132.5,True,packet of 5 respules,packet ,5,respules,Cipla Ltd,"https://onemg.gumlet.io/a_ignore,w_380,h_380,c_fit,q_auto,f_auto/lzupbnuthjghpr2yzjnh.jpg",Budesonide (0.5mg),https://www.1mg.com/drugs/budecort-0.5mg-respules-2ml-351796
1,Betnovate-C Cream,₹ 58.6,58.6,True,tube of 30 gm Cream,tube,-,-,Glaxo SmithKline Pharmaceuticals Ltd,"https://onemg.gumlet.io/a_ignore,w_380,h_380,c_fit,q_auto,f_auto/jshf0zrxvfrd7q45wn89.jpg",Betamethasone (0.1% w/w) + Clioquinol (Iodochlorhydroxyquin) (3% w/w),https://www.1mg.com/drugs/betnovate-c-cream-149634
2,Benadryl Syrup,₹ 141,141,True,bottle of 150 ml Syrup,bottle,-,-,Johnson & Johnson Ltd,"https://onemg.gumlet.io/a_ignore,w_380,h_380,c_fit,q_auto,f_auto/vmhgxvg9ahh6tcx3cphb.jpg",Diphenhydramine (14.08mg/5ml) + Ammonium Chloride (138mg/5ml) + Sodium Citrate (57.03mg/5ml),https://www.1mg.com/drugs/benadryl-syrup-114690
3,Bro-Zedex Syrup,₹ 156.75,156.75,True,bottle of 100 ml Syrup,bottle,-,-,Dr Reddy's Laboratories Ltd,"https://onemg.gumlet.io/a_ignore,w_380,h_380,c_fit,q_auto,f_auto/qpoyv5qsb1wivuftbggf.jpg",Bromhexine (4mg) + Guaifenesin (50mg) + Menthol (2.5mg) + Terbutaline (1.25mg),https://www.1mg.com/drugs/bro-zedex-syrup-180516
4,Betnovate-N  Cream,₹ 50.3,50.3,True,tube of 25 gm Cream,tube,-,-,Glaxo SmithKline Pharmaceuticals Ltd,"https://onemg.gumlet.io/a_ignore,w_380,h_380,c_fit,q_auto,f_auto/ox33iprumohgtqtwpf6o.png",Betamethasone (0.1% w/w) + Neomycin (0.5% w/w),https://www.1mg.com/drugs/betnovate-n-cream-651249
5,Betnesol Tablet,₹ 14.1,14.1,True,strip of 20 tablets,strip ,20,tablets,Glaxo SmithKline Pharmaceuticals Ltd,"https://onemg.gumlet.io/a_ignore,w_380,h_380,c_fit,q_auto,f_auto/jkfuswdj9kou8amwl866.jpg",Betamethasone (0.5mg),https://www.1mg.com/drugs/betnesol-tablet-70138
6,Brufen 400 Tablet,₹ 17.97,17.97,True,strip of 15 tablets,strip ,15,tablets,Abbott,"https://onemg.gumlet.io/a_ignore,w_380,h_380,c_fit,q_auto,f_auto/vnon1e0kiinmhqwgk12u.jpg",Ibuprofen (400mg),https://www.1mg.com/drugs/brufen-400-tablet-70206
7,Bandy-Plus Chewable Tablet,₹ 27,27,True,strip of 1 Chewable Tablet,strip ,1,Tablet,Mankind Pharma Ltd,"https://onemg.gumlet.io/a_ignore,w_380,h_380,c_fit,q_auto,f_auto/nhjcjbagi2pftfmspwbr.jpg",Ivermectin  (6mg) +  Albendazole (400mg),https://www.1mg.com/drugs/bandy-plus-chewable-tablet-68909
8,Betadine 2% Gargle Mint,₹ 153.5,153.5,False,bottle of 50 ml Gargle,bottle,-,-,Win-Medicare Pvt Ltd,"https://onemg.gumlet.io/a_ignore,w_380,h_380,c_fit,q_auto,f_auto/baqlbagprmjrnwbnafrb.jpg",Povidone Iodine (2% w/v),https://www.1mg.com/drugs/betadine-2-gargle-mint-322922
9,Brilinta 90mg Tablet,₹ 490,490,True,strip of 14 tablets,strip ,14,tablets,AstraZeneca,"https://onemg.gumlet.io/a_ignore,w_380,h_380,c_fit,q_auto,f_auto/836316f362244d59ac8f943a8811d07c.jpg",Ticagrelor (90mg),https://www.1mg.com/drugs/brilinta-90mg-tablet-119687
10,Bilasure M 20mg/10mg Tablet,₹ 172,172,True,strip of 10 tablets,strip ,10,tablets,Sun Pharmaceutical Industries Ltd,"https://onemg.gumlet.io/a_ignore,w_380,h_380,c_fit,q_auto,f_auto/z6qyi9pa1uillb52et3r.jpg",Bilastine (20mg) + Montelukast (10mg),https://www.1mg.com/drugs/bilasure-m-20mg-10mg-tablet-623647
11,Banocide Forte Tablet,₹ 46.94,46.94,True,strip of 30 tablets,strip ,30,tablets,Glaxo SmithKline Pharmaceuticals Ltd,"https://onemg.gumlet.io/a_ignore,w_380,h_380,c_fit,q_auto,f_auto/wpac9zqyrapfcqcjbuie.jpg",Diethylcarbamazine (100mg),https://www.1mg.com/drugs/banocide-forte-tablet-165789
12,Buscopan 10mg Tablet,₹ 39.5,39.5,False,strip of 10 tablets,strip ,10,tablets,Zydus Cadila,"https://onemg.gumlet.io/a_ignore,w_380,h_380,c_fit,q_auto,f_auto/hx2gxivwmeoxxxsc1hix.png",Hyoscine butylbromide (10mg)not available,https://www.1mg.com/drugs/buscopan-10mg-tablet-400562
13,Betnovate Cream,₹ 20.81,20.81,True,tube of 20 gm Cream,tube,-,-,Glaxo SmithKline Pharmaceuticals Ltd,"https://onemg.gumlet.io/a_ignore,w_380,h_380,c_fit,q_auto,f_auto/Betnovate_0.1_Cream-20.0gm-tube-1.jpg",Betamethasone (0.1% w/w),https://www.1mg.com/drugs/betnovate-cream-13631
14,Benadryl DR Syrup,₹ 123,123,True,bottle of 100 ml Syrup,bottle,-,-,Johnson & Johnson Ltd,"https://onemg.gumlet.io/a_ignore,w_380,h_380,c_fit,q_auto,f_auto/ui40vh5wyujqysny8dye.jpg",Dextromethorphan Hydrobromide (15mg/5ml),https://www.1mg.com/drugs/benadryl-dr-syrup-90438
15,Betacap TR 40 Capsule,₹ 47.25,47.25,True,strip of 10 capsule pr,strip ,10,capsule,Sun Pharmaceutical Industries Ltd,"https://onemg.gumlet.io/a_ignore,w_380,h_380,c_fit,q_auto,f_auto/cirdzc8jooadogsgetnp.jpg",Propranolol (40mg),https://www.1mg.com/drugs/betacap-tr-40-capsule-28883
16,Benegut Suspension,₹ 44.24,44.24,False,bottle of 5 ml Oral Suspension,bottle,-,-,Abbott,"https://onemg.gumlet.io/a_ignore,w_380,h_380,c_fit,q_auto,f_auto/cnatuppfq97jz22sw6hg.jpg",Bacillus Clausii (NA),https://www.1mg.com/drugs/benegut-suspension-310057
17,Bilypsa Tablet,₹ 1808,1808,True,box of 45 tablets,box ,45,tablets,Zydus Cadila,"https://onemg.gumlet.io/a_ignore,w_380,h_380,c_fit,q_auto,f_auto/ljwbrazjime6vy3gisrm.jpg",Saroglitazar (4mg),https://www.1mg.com/drugs/bilypsa-tablet-349283
18,Brozeet-LS Syrup,₹ 125.4,125.4,True,bottle of 100 ml Syrup,bottle,-,-,Alembic Pharmaceuticals Ltd,"https://onemg.gumlet.io/a_ignore,w_380,h_380,c_fit,q_auto,f_auto/e2fcb9a09e314e19aa4ca4cd003aea53.jpg",Ambroxol (15mg) + Levosalbutamol (0.5mg) + Guaifenesin (50mg),https://www.1mg.com/drugs/brozeet-ls-syrup-234867
19,Broclear Tablet,₹ 228,228,True,strip of 10 tablets,strip ,10,tablets,Intas Pharmaceuticals Ltd,"https://onemg.gumlet.io/a_ignore,w_380,h_380,c_fit,q_auto,f_auto/adwtqoazpp2s06tzi1wy.jpg",Acebrophylline (100mg) + Acetylcysteine (600mg),https://www.1mg.com/drugs/broclear-tablet-323782
20,Betnovate-GM Cream,₹ 37.45,37.45,True,tube of 20 gm Cream,tube,-,-,Glaxo SmithKline Pharmaceuticals Ltd,"https://onemg.gumlet.io/a_ignore,w_380,h_380,c_fit,q_auto,f_auto/zjykqoh2gxrhjtwfghjy.jpg",Betamethasone (0.1% w/w) + Gentamicin (0.1% w/w) + Miconazole (2% w/w),https://www.1mg.com/drugs/betnovate-gm-cream-159688
21,Benzac AC 2.5% Gel,₹ 137.3,137.3,False,tube of 30 gm Gel,tube,-,-,Galderma India Pvt Ltd,"https://onemg.gumlet.io/a_ignore,w_380,h_380,c_fit,q_auto,f_auto/ixkeylkpuki25xikwifn.png",Benzoyl Peroxide (2.5% w/w),https://www.1mg.com/drugs/benzac-ac-2.5-gel-678551
22,Betadine 10% Solution,₹ 115.36,115.36,False,bottle of 100 ml Solution,bottle,-,-,Win-Medicare Pvt Ltd,"https://onemg.gumlet.io/a_ignore,w_380,h_380,c_fit,q_auto,f_auto/civy1x8sfxg5xmtq7zlz.jpg",Povidone Iodine (10% w/v),https://www.1mg.com/drugs/betadine-10-solution-182348
23,Betadine 10% Ointment,₹ 139.47,139.47,False,tube of 20 gm Ointment,tube,-,-,Win-Medicare Pvt Ltd,"https://onemg.gumlet.io/a_ignore,w_380,h_380,c_fit,q_auto,f_auto/akwnavra5bco01snl9ap.png",Povidone Iodine (10% w/w),https://www.1mg.com/drugs/betadine-10-ointment-616166
24,Bactrim DS Tablet,₹ 25.14,25.14,True,strip of 10 tablets,strip ,10,tablets,Abbott,"https://onemg.gumlet.io/a_ignore,w_380,h_380,c_fit,q_auto,f_auto/hx2gxivwmeoxxxsc1hix.png",Sulfamethoxazole (800mg) + Trimethoprim (160mg),https://www.1mg.com/drugs/bactrim-ds-tablet-120037
25,Budecort 200 Inhaler,₹ 439.04,439.04,True,packet of 200 MDI Inhaler,-,-,-,Cipla Ltd,"https://onemg.gumlet.io/a_ignore,w_380,h_380,c_fit,q_auto,f_auto/orsztfnerkupvkaj7gfl.jpg",Budesonide (200mcg),https://www.1mg.com/drugs/budecort-200-inhaler-145190
26,Botroclot Topical Solution,₹ 168,168,True,bottle of 10 ml Solution,bottle,-,-,Juggat Pharma,"https://onemg.gumlet.io/a_ignore,w_380,h_380,c_fit,q_auto,f_auto/oxvwb9p4o7dlqthmq2g0.jpg",Hemocoagulase (0.2CU),https://www.1mg.com/drugs/botroclot-topical-solution-12441
27,Buscopan 20mg Injection,₹ 9.74,9.74,True,vial of 1 ml Injection,vial,-,-,Zydus Cadila,"https://onemg.gumlet.io/a_ignore,w_380,h_380,c_fit,q_auto,f_auto/hx2gxivwmeoxxxsc1hix.png",Hyoscine butylbromide (20mg)not available,https://www.1mg.com/drugs/buscopan-20mg-injection-473785
28,Betaloc 25mg Tablet,₹ 109.5,109.5,True,strip of 30 tablets,strip ,30,tablets,AstraZeneca,"https://onemg.gumlet.io/a_ignore,w_380,h_380,c_fit,q_auto,f_auto/a008994a3e4a4ba6bb3f3c8ea3acb250.jpg",Metoprolol Tartrate (25mg),https://www.1mg.com/drugs/betaloc-25mg-tablet-70130
29,Bilasure 20 Tablet,₹ 139,139,True,strip of 10 tablets,strip ,10,tablets,Sun Pharmaceutical Industries Ltd,"https://onemg.gumlet.io/a_ignore,w_380,h_380,c_fit,q_auto,f_auto/165f6a11c5bd481faa8632107f132297.jpg",Bilastine (20mg),https://www.1mg.com/drugs/bilasure-20-tablet-518539
0,Budesal 0.5mg Respules 2ml,₹ 219.6,219.6,True,packet of 5 respules,packet ,5,respules,Cipla Ltd,"https://onemg.gumlet.io/a_ignore,w_380,h_380,c_fit,q_auto,f_auto/hx2gxivwmeoxxxsc1hix.png",Levosalbutamol (1.25mg) + Budesonide (0.5mg)not available,https://www.1mg.com/drugs/budesal-0.5mg-respules-2ml-367591
1,Bandy Suspension,₹ 19.5,19.5,True,bottle of 10 ml Oral Suspension,bottle,-,-,Mankind Pharma Ltd,"https://onemg.gumlet.io/a_ignore,w_380,h_380,c_fit,q_auto,f_auto/tzj2nmz3rh3r7d6vcehe.jpg",Albendazole (200mg),https://www.1mg.com/drugs/bandy-suspension-41449
2,Baclof 10 Tablet,₹ 109.1,109.1,True,strip of 10 tablets,strip ,10,tablets,Intas Pharmaceuticals Ltd,"https://onemg.gumlet.io/a_ignore,w_380,h_380,c_fit,q_auto,f_auto/dgcoche6tasmzinji4fy.jpg",Baclofen (10mg),https://www.1mg.com/drugs/baclof-10-tablet-48246
3,Bandy-Plus Suspension,₹ 35,35,True,bottle of 10 ml Oral Suspension,bottle,-,-,Mankind Pharma Ltd,"https://onemg.gumlet.io/a_ignore,w_380,h_380,c_fit,q_auto,f_auto/hakw4cz93qp4admtkkbt.jpg",Ivermectin  (1.5mg) +  Albendazole (200mg),https://www.1mg.com/drugs/bandy-plus-suspension-159898
4,Budamate 200 Transhaler,₹ 351.36,351.36,True,packet of 120 MDI Transhaler,-,-,-,Lupin Ltd,"https://onemg.gumlet.io/a_ignore,w_380,h_380,c_fit,q_auto,f_auto/ozxjibk1moebmanvh42q.jpg",Formoterol (6mcg) + Budesonide (200mcg),https://www.1mg.com/drugs/budamate-200-transhaler-135996
5,BP AT 5mg/50mg Tablet,₹ 24,24,True,strip of 10 tablets,strip ,10,tablets,Gujarat Terce Laboratories Ltd,"https://onemg.gumlet.io/a_ignore,w_380,h_380,c_fit,q_auto,f_auto/hx2gxivwmeoxxxsc1hix.png",Amlodipine (5mg) + Atenolol (50mg)not available,https://www.1mg.com/drugs/bp-at-5mg-50mg-tablet-268537
6,Betnesol Injection 1ml,₹ 51.8,51.8,True,packet of 8 injections,packet ,8,injections,Glaxo SmithKline Pharmaceuticals Ltd,"https://onemg.gumlet.io/a_ignore,w_380,h_380,c_fit,q_auto,f_auto/ufkgjoizww0giucztdnx.jpg",Betamethasone (4mg/ml)not available,https://www.1mg.com/drugs/betnesol-injection-1ml-13366
7,Bilazest 20mg Tablet,₹ 163.35,163.35,True,strip of 10 tablets,strip ,10,tablets,Abbott,"https://onemg.gumlet.io/a_ignore,w_380,h_380,c_fit,q_auto,f_auto/lpbpbdwqwf54ce3bzd9w.jpg",Bilastine (20mg),https://www.1mg.com/drugs/bilazest-20mg-tablet-514166
8,Betamil GM Cream,₹ 36.2,36.2,True,tube of 25 gm Cream,tube,-,-,Merck Ltd,"https://onemg.gumlet.io/a_ignore,w_380,h_380,c_fit,q_auto,f_auto/tjdnchwp1wiizcotu8tr.jpg",Betamethasone (0.05% w/w) + Gentamicin (0.1% w/w) + Miconazole (2% w/w)not available,https://www.1mg.com/drugs/betamil-gm-cream-337462
9,Brakke Tablet,₹ 150.5,150.5,True,strip of 10 tablets,strip ,10,tablets,Franco-Indian Pharmaceuticals Pvt Ltd,"https://onemg.gumlet.io/a_ignore,w_380,h_380,c_fit,q_auto,f_auto/cmyzb3rr62nbv4aswg9k.jpg",Ofloxacin (200mg) + Ornidazole (500mg),https://www.1mg.com/drugs/brakke-tablet-63588
10,Brevipil 50 Tablet,₹ 161,161,True,strip of 10 tablets,strip ,10,tablets,Sun Pharmaceutical Industries Ltd,"https://onemg.gumlet.io/a_ignore,w_380,h_380,c_fit,q_auto,f_auto/lpmvsxejwvlfmy23ezpy.jpg",Brivaracetam (50mg),https://www.1mg.com/drugs/brevipil-50-tablet-640116
11,Brutaflam-MR 4 Tablet,₹ 199,199,True,strip of 10 tablets,strip ,10,tablets,Mankind Pharma Ltd,"https://onemg.gumlet.io/a_ignore,w_380,h_380,c_fit,q_auto,f_auto/hx2gxivwmeoxxxsc1hix.png",Etoricoxib (60mg) + Thiocolchicoside (4mg),https://www.1mg.com/drugs/brutaflam-mr-4-tablet-276118
12,Betnesol Forte Tablet,₹ 23.4,23.4,True,strip of 20 tablets,strip ,20,tablets,Glaxo SmithKline Pharmaceuticals Ltd,"https://onemg.gumlet.io/a_ignore,w_380,h_380,c_fit,q_auto,f_auto/kqwml5oqedu2c42tat17.jpg",Betamethasone (1mg),https://www.1mg.com/drugs/betnesol-forte-tablet-70139
13,Benz Pearls Lupin's Benz Pearls Capsule,₹ 88,88,False,strip of 12 soft gelatin capsules,-,-,-,Lupin Ltd,"https://onemg.gumlet.io/a_ignore,w_380,h_380,c_fit,q_auto,f_auto/hx2gxivwmeoxxxsc1hix.png",Benzonatate (100mg)not available,https://www.1mg.com/drugs/benz-pearls-lupin-s-benz-pearls-capsule-125094
14,Betacap TR 20 Capsule,₹ 27.5,27.5,True,strip of 10 capsule pr,strip ,10,capsule,Sun Pharmaceutical Industries Ltd,"https://onemg.gumlet.io/a_ignore,w_380,h_380,c_fit,q_auto,f_auto/yiy6luxdxa9e8rpyjktl.png",Propranolol (20mg),https://www.1mg.com/drugs/betacap-tr-20-capsule-168269
15,Bilambic M 20mg/10mg Tablet,₹ 107.9,107.9,True,strip of 10 tablets,strip ,10,tablets,Alembic Pharmaceuticals Ltd,"https://onemg.gumlet.io/a_ignore,w_380,h_380,c_fit,q_auto,f_auto/hx2gxivwmeoxxxsc1hix.png",Bilastine (20mg) + Montelukast (10mg),https://www.1mg.com/drugs/bilambic-m-20mg-10mg-tablet-623389
16,Bilazap M 20mg/10mg Tablet,₹ 166,166,True,strip of 10 tablets,strip ,10,tablets,Glenmark Pharmaceuticals Ltd,"https://onemg.gumlet.io/a_ignore,w_380,h_380,c_fit,q_auto,f_auto/hx2gxivwmeoxxxsc1hix.png",Bilastine (20mg) + Montelukast (10mg),https://www.1mg.com/drugs/bilazap-m-20mg-10mg-tablet-623708
17,Bro-Zedex SF Syrup,₹ 152.75,152.75,True,bottle of 100 ml Syrup,bottle,-,-,Dr Reddy's Laboratories Ltd,"https://onemg.gumlet.io/a_ignore,w_380,h_380,c_fit,q_auto,f_auto/byrghltsmijdqwzxyrt4.png",Guaifenesin (50mg/5ml) + Terbutaline (1.25mg/5ml) + Bromhexine (4mg/5ml),https://www.1mg.com/drugs/bro-zedex-sf-syrup-63597
18,Botropase Injection,₹ 160.2,160.2,True,ampoule of 1 ml Injection,ampoule,-,-,Juggat Pharma,"https://onemg.gumlet.io/a_ignore,w_380,h_380,c_fit,q_auto,f_auto/qgscuk8ucu1mmkbfbjnf.jpg",Hemocoagulase (1IU),https://www.1mg.com/drugs/botropase-injection-311805
19,Betnesol Oral Drops,₹ 23.3,23.3,True,packet of 15 ml Oral Drops,-,-,-,Glaxo SmithKline Pharmaceuticals Ltd,"https://onemg.gumlet.io/a_ignore,w_380,h_380,c_fit,q_auto,f_auto/xvh2edbfnlazwbqoh4be.jpg",Betamethasone (0.5mg),https://www.1mg.com/drugs/betnesol-oral-drops-148170
20,Bupron XL 150 Tablet,₹ 179,179,True,strip of 10 tablet mr,strip ,10,tablet,Sun Pharmaceutical Industries Ltd,"https://onemg.gumlet.io/a_ignore,w_380,h_380,c_fit,q_auto,f_auto/ocv9o2kbd87fd3nyf0wq.png",Bupropion (150mg),https://www.1mg.com/drugs/bupron-xl-150-tablet-147700
21,Benalgis Tablet,₹ 126.5,126.5,False,strip of 10 tablets,strip ,10,tablets,Franco-Indian Pharmaceuticals Pvt Ltd,"https://onemg.gumlet.io/a_ignore,w_380,h_380,c_fit,q_auto,f_auto/gvyb9yjkwofavm3qxqml.jpg",Benfotiamine (100mg),https://www.1mg.com/drugs/benalgis-tablet-326122
22,Bilashine Tablet,₹ 127,127,True,strip of 10 tablets,strip ,10,tablets,Sun Pharmaceutical Industries Ltd,"https://onemg.gumlet.io/a_ignore,w_380,h_380,c_fit,q_auto,f_auto/houuiay6xfekj4petbyl.jpg",Bilastine (20mg),https://www.1mg.com/drugs/bilashine-tablet-528291
23,Bilast M 20mg/10mg Tablet,₹ 176,176,True,strip of 10 tablets,strip ,10,tablets,Micro Labs Ltd,"https://onemg.gumlet.io/a_ignore,w_380,h_380,c_fit,q_auto,f_auto/qmrgcump0renvx4r3xug.png",Bilastine (20mg) + Montelukast (10mg),https://www.1mg.com/drugs/bilast-m-20mg-10mg-tablet-630612
24,Bilamont Tablet,₹ 90,90,True,strip of 10 tablets,strip ,10,tablets,Aristo Pharmaceuticals Pvt Ltd,"https://onemg.gumlet.io/a_ignore,w_380,h_380,c_fit,q_auto,f_auto/byqfenb5xpoqmr9bsbpp.jpg",Bilastine (20mg) + Montelukast (10mg),https://www.1mg.com/drugs/bilamont-tablet-768592
25,Betnesol-N Eye/Ear Drops,₹ 20,20,True,packet of 5 ml Eye/Ear Drops,-,-,-,Glaxo SmithKline Pharmaceuticals Ltd,"https://onemg.gumlet.io/a_ignore,w_380,h_380,c_fit,q_auto,f_auto/av2afqcvkzcosfnbvqql.jpg",Betamethasone (0.1% w/v) + Neomycin (0.5% w/v),https://www.1mg.com/drugs/betnesol-n-eye-ear-drops-156132
26,Bactoclav 625 Tablet,₹ 223.44,223.44,True,strip of 10 tablets,strip ,10,tablets,Micro Labs Ltd,"https://onemg.gumlet.io/a_ignore,w_380,h_380,c_fit,q_auto,f_auto/srnm4gm9azaguqg5ft7d.jpg",Amoxycillin  (500mg) +  Clavulanic Acid (125mg),https://www.1mg.com/drugs/bactoclav-625-tablet-144453
27,Bisoheart 2.5 Tablet,₹ 55.66,55.66,True,strip of 10 tablets,strip ,10,tablets,Mankind Pharma Ltd,"https://onemg.gumlet.io/a_ignore,w_380,h_380,c_fit,q_auto,f_auto/zpjnzjemw391jpnkmspd.jpg",Bisoprolol (2.5mg),https://www.1mg.com/drugs/bisoheart-2.5-tablet-139209
28,Betacap Plus 10 Capsule SR,₹ 161,161,True,strip of 10 capsule sr,strip ,10,capsule,Sun Pharmaceutical Industries Ltd,"https://onemg.gumlet.io/a_ignore,w_380,h_380,c_fit,q_auto,f_auto/ju4vaodonh0qzeoy2lxc.jpg",Propranolol (40mg) + Flunarizine (10mg),https://www.1mg.com/drugs/betacap-plus-10-capsule-sr-147567
29,Benizep Capsule SR,₹ 163,163,True,strip of 10 capsule sr,strip ,10,capsule,La Renon Healthcare Pvt Ltd,"https://onemg.gumlet.io/a_ignore,w_380,h_380,c_fit,q_auto,f_auto/beobvbygjpge6pyb5jti.jpg",Mebeverine (135mg) + Chlordiazepoxide (5mg)not available,https://www.1mg.com/drugs/benizep-capsule-sr-574243
0,Boostrix Vaccine,₹ 1399,1399,True,prefilled syringe of 0.5 ml Injection,prefilled,-,-,Glaxo SmithKline Pharmaceuticals Ltd,"https://onemg.gumlet.io/a_ignore,w_380,h_380,c_fit,q_auto,f_auto/i3va39cqwwtsnloujap5.jpg",Diphtheria Toxoid (2IU) + Tetanus Toxoid (20IU) + Pertussis Toxoid (8mcg)not available,https://www.1mg.com/drugs/boostrix-vaccine-172957
1,Betavert 16 Tablet,₹ 155,155,True,strip of 10 tablets,strip ,10,tablets,Sun Pharmaceutical Industries Ltd,"https://onemg.gumlet.io/a_ignore,w_380,h_380,c_fit,q_auto,f_auto/oj5tnt58df70oyb8lr86.jpg",Betahistine (16mg),https://www.1mg.com/drugs/betavert-16-tablet-48426
2,Bonista Cartridge,₹ 7117.5,7117.5,True,cartridge of 3 ml Solution for Injection,cartridge,-,-,Sun Pharmaceutical Industries Ltd,"https://onemg.gumlet.io/a_ignore,w_380,h_380,c_fit,q_auto,f_auto/duxi6cnjm0bawgp8atn7.jpg",Teriparatide (250mcg/ml),https://www.1mg.com/drugs/bonista-cartridge-241294
3,Bandy-Plus 12 Tablet,₹ 33,33,True,strip of 1 Tablet,strip ,1,Tablet,Mankind Pharma Ltd,"https://onemg.gumlet.io/a_ignore,w_380,h_380,c_fit,q_auto,f_auto/xg2ifu1ed8esovfvjgix.jpg",Ivermectin  (12mg) +  Albendazole (400mg),https://www.1mg.com/drugs/bandy-plus-12-tablet-63485
4,Budamate 400 Transcaps,₹ 239.9,239.9,True,bottle of 30 transcaps,bottle,-,-,Lupin Ltd,"https://onemg.gumlet.io/a_ignore,w_380,h_380,c_fit,q_auto,f_auto/texvlcguv4rb3arljglu.jpg",Formoterol (6mcg) + Budesonide (400mcg),https://www.1mg.com/drugs/budamate-400-transcaps-63617
5,Bro-Zedex LS Syrup,₹ 145.25,145.25,True,bottle of 100 ml Syrup,bottle,-,-,Dr Reddy's Laboratories Ltd,"https://onemg.gumlet.io/a_ignore,w_380,h_380,c_fit,q_auto,f_auto/ffbjradef6adxwnypyo5.jpg",Levosalbutamol (1mg/5ml) + Ambroxol (30mg/5ml) + Guaifenesin (50mg/5ml),https://www.1mg.com/drugs/bro-zedex-ls-syrup-390750
6,Benz 100mg Capsule,₹ 88.5,88.5,False,strip of 12 capsules,strip ,12,capsules,Lupin Ltd,"https://onemg.gumlet.io/a_ignore,w_380,h_380,c_fit,q_auto,f_auto/hx2gxivwmeoxxxsc1hix.png",Benzonatate (100mg)not available,https://www.1mg.com/drugs/benz-100mg-capsule-122630
7,Bilazest M Tablet,₹ 191.18,191.18,True,strip of 10 tablets,strip ,10,tablets,Abbott,"https://onemg.gumlet.io/a_ignore,w_380,h_380,c_fit,q_auto,f_auto/olnj50oregtqoitu9tsf.jpg",Bilastine (20mg) + Montelukast (10mg),https://www.1mg.com/drugs/bilazest-m-tablet-615912
8,Bharglob 16.5% Injection,₹ 926.16,926.16,True,vial of 2 ml Injection,vial,-,-,Bharat Serums & Vaccines Ltd,"https://onemg.gumlet.io/a_ignore,w_380,h_380,c_fit,q_auto,f_auto/cdmybjt6gdjphridjmcl.jpg",Human Normal Immunoglobulin (16.5% w/v)not available,https://www.1mg.com/drugs/bharglob-16.5-injection-177320
9,Burnheal Cream,₹ 81.95,81.95,True,tube of 15 gm Cream,tube,-,-,Cipla Ltd,"https://onemg.gumlet.io/a_ignore,w_380,h_380,c_fit,q_auto,f_auto/8d77b420e3ba4348a982b6b8ba5095f0.jpg",Chlorhexidine Gluconate (0.20% w/w) + Silver Nitrate (0.20% w/w),https://www.1mg.com/drugs/burnheal-cream-58607
10,Budecort 1mg Respules 2 ml,₹ 132.95,132.95,True,strip of 5 respules,strip ,5,respules,Cipla Ltd,"https://onemg.gumlet.io/a_ignore,w_380,h_380,c_fit,q_auto,f_auto/tthtix4jrcoig9rjheeg.jpg",Budesonide (1mg),https://www.1mg.com/drugs/budecort-1mg-respules-2-ml-344614
11,Bilafav M Tablet,₹ 193.6,193.6,True,strip of 10 tablets,strip ,10,tablets,Cipla Ltd,"https://onemg.gumlet.io/a_ignore,w_380,h_380,c_fit,q_auto,f_auto/hx2gxivwmeoxxxsc1hix.png",Bilastine (20mg) + Montelukast (10mg),https://www.1mg.com/drugs/bilafav-m-tablet-630608
12,Budecort 100 Inhaler,₹ 315.84,315.84,True,packet of 200 MDI Inhaler,-,-,-,Cipla Ltd,"https://onemg.gumlet.io/a_ignore,w_380,h_380,c_fit,q_auto,f_auto/psq2ck4fc9i7vqh5wedj.jpg",Budesonide (100mcg),https://www.1mg.com/drugs/budecort-100-inhaler-48628
13,Basalog 100IU/ml Injection,₹ 564.55,564.55,True,vial of 3 ml Injection,vial,-,-,Biocon,"https://onemg.gumlet.io/a_ignore,w_380,h_380,c_fit,q_auto,f_auto/h3efcr8lxaujotdzyipf.jpg",Insulin Glargine (100IU/ml),https://www.1mg.com/drugs/basalog-100iu-ml-injection-14505
14,Brufen 200 Tablet,₹ 10.58,10.58,True,strip of 15 tablets,strip ,15,tablets,Abbott,"https://onemg.gumlet.io/a_ignore,w_380,h_380,c_fit,q_auto,f_auto/tscxrxlkpm8n1ii7yybt.jpg",Ibuprofen (200mg),https://www.1mg.com/drugs/brufen-200-tablet-70205
15,Bilagra M 20mg/10mg Tablet,₹ 190.9,190.9,True,strip of 10 tablets,strip ,10,tablets,Lupin Ltd,"https://onemg.gumlet.io/a_ignore,w_380,h_380,c_fit,q_auto,f_auto/68b6cfda3d164c95877aac7a8a681f17.jpg",Bilastine (20mg) + Montelukast (10mg),https://www.1mg.com/drugs/bilagra-m-20mg-10mg-tablet-623629
16,Betacap 20 Tablet,₹ 31.92,31.92,True,strip of 10 tablets,strip ,10,tablets,Sun Pharmaceutical Industries Ltd,"https://onemg.gumlet.io/a_ignore,w_380,h_380,c_fit,q_auto,f_auto/bd6whsw9lfw1vgempfjl.jpg",Propranolol (20mg),https://www.1mg.com/drugs/betacap-20-tablet-28907
17,Butadryl 7.5mg Syrup Strawberry Sugar Free,₹ 141.75,141.75,True,bottle of 100 ml Syrup,bottle,-,-,Medley Pharmaceuticals,"https://onemg.gumlet.io/a_ignore,w_380,h_380,c_fit,q_auto,f_auto/hx2gxivwmeoxxxsc1hix.png",Dextromethorphan Hydrobromide (7.5mg/5ml),https://www.1mg.com/drugs/butadryl-7.5mg-syrup-strawberry-sugar-free-820457
18,Betadine 2% Gargle Mint,₹ 277,277,False,bottle of 100 ml Gargle,bottle,-,-,Win-Medicare Pvt Ltd,"https://onemg.gumlet.io/a_ignore,w_380,h_380,c_fit,q_auto,f_auto/aa1k1a45gdtiph2rx4gy.jpg",Povidone Iodine (2% w/v),https://www.1mg.com/drugs/betadine-2-gargle-mint-328656
19,Bro-Zedex LS Kid Expectorant Raspberry,₹ 118.25,118.25,True,bottle of 60 ml Expectorant,bottle,-,-,Dr Reddy's Laboratories Ltd,"https://onemg.gumlet.io/a_ignore,w_380,h_380,c_fit,q_auto,f_auto/zn9mjv76qe8vxvship93.jpg",Ambroxol (30mg/5ml) + Levosalbutamol (1mg/5ml) + Guaifenesin (50mg/5ml),https://www.1mg.com/drugs/bro-zedex-ls-kid-expectorant-raspberry-308389
20,Brutaflam 90mg Tablet,₹ 120,120,True,strip of 10 tablets,strip ,10,tablets,Mankind Pharma Ltd,"https://onemg.gumlet.io/a_ignore,w_380,h_380,c_fit,q_auto,f_auto/dtf07ilikahlp1vlkluh.jpg",Etoricoxib (90mg),https://www.1mg.com/drugs/brutaflam-90mg-tablet-157017
21,Betagel-G Cream,₹ 16,16,True,tube of 20 gm Cream,tube,-,-,Micro Labs Ltd,"https://onemg.gumlet.io/a_ignore,w_380,h_380,c_fit,q_auto,f_auto/lwmmcpb0kuye7ixqwdnc.jpg",Betamethasone (0.05% w/w) + Gentamicin (0.1% w/w)not available,https://www.1mg.com/drugs/betagel-g-cream-13619
22,Bisoheart 5mg Tablet,₹ 85,85,True,strip of 10 tablets,strip ,10,tablets,Mankind Pharma Ltd,"https://onemg.gumlet.io/a_ignore,w_380,h_380,c_fit,q_auto,f_auto/ewpjlovsfkayejrvzvy5.jpg",Bisoprolol (5mg),https://www.1mg.com/drugs/bisoheart-5mg-tablet-144238
23,Bromhexine Hydrochloride 8mg Tablet,₹ 61.1,61.1,True,strip of 10 tablets,strip ,10,tablets,Ipca Laboratories Ltd,"https://onemg.gumlet.io/a_ignore,w_380,h_380,c_fit,q_auto,f_auto/hoqxtenhywqlevycekro.jpg",Bromhexine (8mg),https://www.1mg.com/drugs/bromhexine-hydrochloride-8mg-tablet-327907
24,Bilastin M Tablet,₹ 200,200,True,strip of 10 tablets,strip ,10,tablets,Joy Healthcare Private Limited,"https://onemg.gumlet.io/a_ignore,w_380,h_380,c_fit,q_auto,f_auto/hx2gxivwmeoxxxsc1hix.png",Bilastine (20mg) + Montelukast (10mg)not available,https://www.1mg.com/drugs/bilastin-m-tablet-786280
25,Biogermina Oral Suspension (5ml Each),₹ 190.44,190.44,False,box of 6 oral suspensions,box ,6,suspensions,Aristo Pharmaceuticals Pvt Ltd,"https://onemg.gumlet.io/a_ignore,w_380,h_380,c_fit,q_auto,f_auto/xrncitfarkmjqbfovaog.jpg",Bacillus Clausii (2Billion Spores),https://www.1mg.com/drugs/biogermina-oral-suspension-5ml-each-686629
26,Budetrol 200 Inhaler,₹ 351.92,351.92,True,packet of 120 MDI Inhaler,-,-,-,Macleods Pharmaceuticals Pvt Ltd,"https://onemg.gumlet.io/a_ignore,w_380,h_380,c_fit,q_auto,f_auto/j7z4mcpszpk95wtrdjhn.jpg",Formoterol (6mcg) + Budesonide (200mcg),https://www.1mg.com/drugs/budetrol-200-inhaler-63628
27,Baralgan NU Tablet,₹ 42.77,42.77,True,strip of 10 tablets,strip ,10,tablets,Sanofi India Ltd,"https://onemg.gumlet.io/a_ignore,w_380,h_380,c_fit,q_auto,f_auto/eeoyvikleztxayybqqwi.jpg",Dicyclomine (20mg) + Paracetamol (500mg),https://www.1mg.com/drugs/baralgan-nu-tablet-145763
28,Bunase 0.5 Respules,₹ 131.5,131.5,True,packet of 5 respules,packet ,5,respules,Macleods Pharmaceuticals Pvt Ltd,"https://onemg.gumlet.io/a_ignore,w_380,h_380,c_fit,q_auto,f_auto/lgggptzscj46jkvzlod0.jpg",Budesonide (0.5mg),https://www.1mg.com/drugs/bunase-0.5-respules-143505
29,Betadine Powder,₹ 144,144,False,bottle of 10 gm Powder,bottle,-,-,Win-Medicare Pvt Ltd,"https://onemg.gumlet.io/a_ignore,w_380,h_380,c_fit,q_auto,f_auto/rn5qmuklkjgofkoipckp.jpg",Povidone Iodine (5%),https://www.1mg.com/drugs/betadine-powder-68944
0,Budamate 200 Transcaps,₹ 187.82,187.82,True,bottle of 30 capsules,bottle,-,-,Lupin Ltd,"https://onemg.gumlet.io/a_ignore,w_380,h_380,c_fit,q_auto,f_auto/t6luiyf078ca98cbujom.jpg",Formoterol (6mcg) + Budesonide (200mcg),https://www.1mg.com/drugs/budamate-200-transcaps-70213
1,Biocof BR Syrup,₹ 146,146,True,bottle of 100 ml Syrup,bottle,-,-,Biochem Pharmaceutical Industries,"https://onemg.gumlet.io/a_ignore,w_380,h_380,c_fit,q_auto,f_auto/83abfd3bdfd346ecb063744467f409ce.jpg",Guaifenesin (50mg/5ml) + Terbutaline (1.25mg/5ml) + Bromhexine (4mg/5ml),https://www.1mg.com/drugs/biocof-br-syrup-292139
2,Buta Proxyvon Capsule,₹ 73,73,True,strip of 10 capsules,strip ,10,capsules,Dr Reddy's Laboratories Ltd,"https://onemg.gumlet.io/a_ignore,w_380,h_380,c_fit,q_auto,f_auto/l7vrjl6dicgobnxd0jv4.jpg",Diclofenac (50mg) + Paracetamol (325mg),https://www.1mg.com/drugs/buta-proxyvon-capsule-291608
3,Brite Cream,₹ 135,135,True,tube of 20 gm Cream,tube,-,-,Wallace Pharmaceuticals Pvt Ltd,"https://onemg.gumlet.io/a_ignore,w_380,h_380,c_fit,q_auto,f_auto/edttxrkt7jb1cgktukne.jpg",Hydroquinone (4% w/w),https://www.1mg.com/drugs/brite-cream-62283
4,Bendex 400 Tablet,₹ 9.55,9.55,True,strip of 1 Tablet,strip ,1,Tablet,Cipla Ltd,"https://onemg.gumlet.io/a_ignore,w_380,h_380,c_fit,q_auto,f_auto/e4acaaaa24b34cd2ba8d6302737aacb9.jpg",Albendazole (400mg)not available,https://www.1mg.com/drugs/bendex-400-tablet-247567
5,Betadine Vaginal Pessaries,₹ 216,216,False,packet of 10 pessaries,packet ,10,pessaries,Win-Medicare Pvt Ltd,"https://onemg.gumlet.io/a_ignore,w_380,h_380,c_fit,q_auto,f_auto/idyhg88gbxco9hrbgp3k.jpg",Povidone Iodine (200mg),https://www.1mg.com/drugs/betadine-vaginal-pessaries-70128
6,Budamate Neb 0.5mg Respules 2ml,₹ 408.8,408.8,True,packet of 7 respules,packet ,7,respules,Lupin Ltd,"https://onemg.gumlet.io/a_ignore,w_380,h_380,c_fit,q_auto,f_auto/mx0sjkvoofecusnd9dfp.jpg",Formoterol (20mcg) + Budesonide (0.5mg),https://www.1mg.com/drugs/budamate-neb-0.5mg-respules-2ml-340953
7,Buvalor 10mg Transdermal Patch,₹ 2890,2890,True,packet of 2 transdermal patches,packet ,2,patches,Modi Mundi Pharma Pvt Ltd,"https://onemg.gumlet.io/a_ignore,w_380,h_380,c_fit,q_auto,f_auto/hx2gxivwmeoxxxsc1hix.png",Buprenorphine (10mg)not available,https://www.1mg.com/drugs/buvalor-10mg-transdermal-patch-158604
8,Bonmax PTH 750mcg Solution for Injection,₹ 9159,9159,True,cartridge of 3 ml Solution for Injection,cartridge,-,-,Zydus Cadila,"https://onemg.gumlet.io/a_ignore,w_380,h_380,c_fit,q_auto,f_auto/5356ffd7ca2a4188ae60f5d848e34d1c.jpg",Teriparatide (750mcg),https://www.1mg.com/drugs/bonmax-pth-750mcg-solution-for-injection-241142
9,Betheran 25mg Tablet,₹ 165,165,True,strip of 10 tablets,strip ,10,tablets,Sun Pharmaceutical Industries Ltd,"https://onemg.gumlet.io/a_ignore,w_380,h_380,c_fit,q_auto,f_auto/sma4ufojwqogggyb0oqc.jpg",Bethanechol (25mg),https://www.1mg.com/drugs/betheran-25mg-tablet-266483
10,B-29 AQ PFS Injection,₹ 125,125,True,prefilled syringe of 1 ml Injection,prefilled,-,-,Corona Remedies Pvt Ltd,"https://onemg.gumlet.io/a_ignore,w_380,h_380,c_fit,q_auto,f_auto/585b5b32a02d46519fda16e11e289f21.jpg",Methylcobalamin (1500mcg),https://www.1mg.com/drugs/b-29-aq-pfs-injection-788666
11,Bisonext 2.5mg Tablet,₹ 106,106,True,strip of 15 tablets,strip ,15,tablets,Lupin Ltd,"https://onemg.gumlet.io/a_ignore,w_380,h_380,c_fit,q_auto,f_auto/9323bf6dfbbc4c10a1d682e640ce92d0.jpg",Bisoprolol (2.5mg),https://www.1mg.com/drugs/bisonext-2.5mg-tablet-630617
12,Bupron SR 150 Tablet,₹ 157,157,True,strip of 10 tablet er,strip ,10,tablet,Sun Pharmaceutical Industries Ltd,"https://onemg.gumlet.io/a_ignore,w_380,h_380,c_fit,q_auto,f_auto/kl8rl8xejwzuzpjphar1.jpg",Bupropion (150mg),https://www.1mg.com/drugs/bupron-sr-150-tablet-48672
13,Basalog 100IU/ml Refill Cartridge,₹ 610.53,610.53,True,cartridge of 3 ml Solution for Injection,cartridge,-,-,Biocon,"https://onemg.gumlet.io/a_ignore,w_380,h_380,c_fit,q_auto,f_auto/zgeyomi5holnxcugozka.jpg",Insulin Glargine (100IU/ml),https://www.1mg.com/drugs/basalog-100iu-ml-refill-cartridge-164232
14,Basaglar 100 Units/ml Cartridge,₹ 731,731,True,cartridge of 3 ml Solution for Injection,cartridge,-,-,Cipla Ltd,"https://onemg.gumlet.io/a_ignore,w_380,h_380,c_fit,q_auto,f_auto/nj5aqxwxkdizkyoistnz.jpg",Insulin Glargine (3.64IU/ml),https://www.1mg.com/drugs/basaglar-100-units-ml-cartridge-491209
15,Budez CR Capsule,₹ 254,254,True,strip of 10 capsule cr,strip ,10,capsule,Sun Pharmaceutical Industries Ltd,"https://onemg.gumlet.io/a_ignore,w_380,h_380,c_fit,q_auto,f_auto/yydfigpjr5f4jk5uelsb.jpg",Budesonide (3mg),https://www.1mg.com/drugs/budez-cr-capsule-70222
16,Bexol Tablet,₹ 15.12,15.12,True,strip of 10 tablets,strip ,10,tablets,Intas Pharmaceuticals Ltd,"https://onemg.gumlet.io/a_ignore,w_380,h_380,c_fit,q_auto,f_auto/p3i4nhrasvt7feyi5vlb.jpg",Trihexyphenidyl (2mg),https://www.1mg.com/drugs/bexol-tablet-37777
17,Belatin-M Tablet,₹ 166,166,True,strip of 10 tablets,strip ,10,tablets,Macleods Pharmaceuticals Pvt Ltd,"https://onemg.gumlet.io/a_ignore,w_380,h_380,c_fit,q_auto,f_auto/hx2gxivwmeoxxxsc1hix.png",Bilastine (20mg) + Montelukast (10mg),https://www.1mg.com/drugs/belatin-m-tablet-630606
18,B Bact Ointment,₹ 159,159,False,tube of 5 gm Ointment,tube,-,-,Wallace Pharmaceuticals Pvt Ltd,"https://onemg.gumlet.io/a_ignore,w_380,h_380,c_fit,q_auto,f_auto/n7gn18nczvzn81lgvezh.jpg",Mupirocin (2% w/w),https://www.1mg.com/drugs/b-bact-ointment-250852
19,Betaloc 50mg Tablet,₹ 166.4,166.4,True,strip of 30 tablets,strip ,30,tablets,AstraZeneca,"https://onemg.gumlet.io/a_ignore,w_380,h_380,c_fit,q_auto,f_auto/53f3f4c94a13415383755e8107278208.jpg",Metoprolol Tartrate (50mg),https://www.1mg.com/drugs/betaloc-50mg-tablet-73118
20,Bilanix Tablet,₹ 140,140,True,strip of 10 tablets,strip ,10,tablets,Ajanta Pharma Ltd,"https://onemg.gumlet.io/a_ignore,w_380,h_380,c_fit,q_auto,f_auto/whj7xaxncjfl3rz5i5ow.jpg",Bilastine (20mg),https://www.1mg.com/drugs/bilanix-tablet-515364
21,Bromhexine Elixir,₹ 143,143,True,bottle of 120 ml Elixir,bottle,-,-,Ipca Laboratories Ltd,"https://onemg.gumlet.io/a_ignore,w_380,h_380,c_fit,q_auto,f_auto/n1ophcmnvtswxicyziez.jpg",Bromhexine (4mg/5ml),https://www.1mg.com/drugs/bromhexine-elixir-327906
22,Brufen 600 Tablet,₹ 35.03,35.03,True,strip of 15 tablets,strip ,15,tablets,Abbott,"https://onemg.gumlet.io/a_ignore,w_380,h_380,c_fit,q_auto,f_auto/omq6uepbubbgihpziksh.jpg",Ibuprofen (600mg),https://www.1mg.com/drugs/brufen-600-tablet-70207
23,Bandy Chewable Tablet,₹ 9.25,9.25,True,strip of 1 Chewable Tablet,strip ,1,Tablet,Mankind Pharma Ltd,"https://onemg.gumlet.io/a_ignore,w_380,h_380,c_fit,q_auto,f_auto/cwdempa4pz8hwsn8jq3o.jpg",Albendazole (400mg),https://www.1mg.com/drugs/bandy-chewable-tablet-68911
24,Bilachek-M Tablet,₹ 150,150,True,strip of 10 tablets,strip ,10,tablets,Mankind Pharma Ltd,"https://onemg.gumlet.io/a_ignore,w_380,h_380,c_fit,q_auto,f_auto/ioe1byvvmdlyn7klfyoz.jpg",Bilastine (20mg) + Montelukast (10mg),https://www.1mg.com/drugs/bilachek-m-tablet-633713
25,Benalgis Forte Soft Gelatin Capsule,₹ 228,228,True,strip of 15 soft gelatin capsules,-,-,-,Franco-Indian Pharmaceuticals Pvt Ltd,"https://onemg.gumlet.io/a_ignore,w_380,h_380,c_fit,q_auto,f_auto/r8xiartfqv1fmatmtd1j.jpg",Benfotiamine (7.5mg) + Folic Acid (0.750mg) + Methylcobalamin (0.750mg) + Pregabalin (75mg) + Vitamin B6 (Pyridoxine) (1.5mg),https://www.1mg.com/drugs/benalgis-forte-soft-gelatin-capsule-484920
26,Bilagra Tablet,₹ 159.55,159.55,True,strip of 10 tablets,strip ,10,tablets,Lupin Ltd,"https://onemg.gumlet.io/a_ignore,w_380,h_380,c_fit,q_auto,f_auto/pdbadvup5tmqtc2izc5o.jpg",Bilastine (20mg),https://www.1mg.com/drugs/bilagra-tablet-514194
27,Brivazen 50 Tablet,₹ 162,162,True,strip of 10 tablets,strip ,10,tablets,Intas Pharmaceuticals Ltd,"https://onemg.gumlet.io/a_ignore,w_380,h_380,c_fit,q_auto,f_auto/yov0hxiq8hge3r54c74j.jpg",Brivaracetam (50mg),https://www.1mg.com/drugs/brivazen-50-tablet-646637
28,Betadine Cream,₹ 121,121,False,tube of 20 gm Cream,tube,-,-,Win-Medicare Pvt Ltd,"https://onemg.gumlet.io/a_ignore,w_380,h_380,c_fit,q_auto,f_auto/hx2gxivwmeoxxxsc1hix.png",Povidone Iodine (5% w/w)not available,https://www.1mg.com/drugs/betadine-cream-68936
29,Basugine 100IU/ml Injection,₹ 594.8,594.8,True,cartridge of 3 ml Injection,cartridge,-,-,Lupin Ltd,"https://onemg.gumlet.io/a_ignore,w_380,h_380,c_fit,q_auto,f_auto/yqsfptzideznespnnjbe.jpg",Insulin Glargine (100IU),https://www.1mg.com/drugs/basugine-100iu-ml-injection-170247
0,Bilanta M 20mg/10mg Tablet,₹ 188.5,188.5,True,strip of 10 tablets,strip ,10,tablets,Ajanta Pharma Ltd,"https://onemg.gumlet.io/a_ignore,w_380,h_380,c_fit,q_auto,f_auto/hx2gxivwmeoxxxsc1hix.png",Bilastine (20mg) + Montelukast (10mg),https://www.1mg.com/drugs/bilanta-m-20mg-10mg-tablet-615913
1,Britzilam 50 Tablet,₹ 245.6,245.6,True,strip of 15 tablets,strip ,15,tablets,Torrent Pharmaceuticals Ltd,"https://onemg.gumlet.io/a_ignore,w_380,h_380,c_fit,q_auto,f_auto/abclpdumjqzcd6hpk4gd.jpg",Brivaracetam (50mg),https://www.1mg.com/drugs/britzilam-50-tablet-683578
2,Brutaflam-Plus Tablet,₹ 110,110,True,strip of 10 tablets,strip ,10,tablets,Mankind Pharma Ltd,"https://onemg.gumlet.io/a_ignore,w_380,h_380,c_fit,q_auto,f_auto/hx2gxivwmeoxxxsc1hix.png",Etoricoxib (60mg) + Paracetamol (325mg),https://www.1mg.com/drugs/brutaflam-plus-tablet-158845
3,Brimolol Eye Drop,₹ 487,487,True,packet of 5 ml Ophthalmic Solution,-,-,-,Sun Pharmaceutical Industries Ltd,"https://onemg.gumlet.io/a_ignore,w_380,h_380,c_fit,q_auto,f_auto/dxr68whsz29xtbfdjmve.jpg",Timolol (5mg) + Brimonidine (1.5mg),https://www.1mg.com/drugs/brimolol-eye-drop-135849
4,Bilashine 40mg Tablet,₹ 197,197,True,strip of 10 tablets,strip ,10,tablets,Sun Pharmaceutical Industries Ltd,"https://onemg.gumlet.io/a_ignore,w_380,h_380,c_fit,q_auto,f_auto/54a398d82935483e891ca799e8a8dd79.jpg",Bilastine (40mg),https://www.1mg.com/drugs/bilashine-40mg-tablet-684426
5,Besvil 100 Octacap,₹ 445,445,True,bottle of 30 capsules,bottle,-,-,Sun Pharmaceutical Industries Ltd,"https://onemg.gumlet.io/a_ignore,w_380,h_380,c_fit,q_auto,f_auto/hx2gxivwmeoxxxsc1hix.png",Fluticasone Furoate (100mcg) + Vilanterol (25mcg),https://www.1mg.com/drugs/besvil-100-octacap-736857
6,Brozeet-LS Drops,₹ 70.75,70.75,True,packet of 15 ml Oral Drops,-,-,-,Alembic Pharmaceuticals Ltd,"https://onemg.gumlet.io/a_ignore,w_380,h_380,c_fit,q_auto,f_auto/hx2gxivwmeoxxxsc1hix.png",Ambroxol (7.5mg/ml) + Levosalbutamol (0.25mg/ml) + Guaifenesin (12.5mg/ml),https://www.1mg.com/drugs/brozeet-ls-drops-345080
7,Biovac A Vaccine,₹ 1918,1918,True,vial of 0.5 ml Injection,vial,-,-,Dr Reddy's Laboratories Ltd,"https://onemg.gumlet.io/a_ignore,w_380,h_380,c_fit,q_auto,f_auto/4619d7b4a5f0436ab392ce97ae9dbb1c.jpg",Freeze-dried Live Attenuated Hepatitis A Vaccine (6.5ccid50),https://www.1mg.com/drugs/biovac-a-vaccine-246357
8,Bempesta Tablet,₹ 240,240,True,strip of 10 tablets,strip ,10,tablets,Torrent Pharmaceuticals Ltd,"https://onemg.gumlet.io/a_ignore,w_380,h_380,c_fit,q_auto,f_auto/sfwiuysmo62iwivk3lvg.jpg",Bempedoic acid (180mg),https://www.1mg.com/drugs/bempesta-tablet-748840
9,Budamate 400 Transhaler,₹ 439.98,439.98,True,packet of 120 MDI Transhaler,-,-,-,Lupin Ltd,"https://onemg.gumlet.io/a_ignore,w_380,h_380,c_fit,q_auto,f_auto/kfgbnfkxezs9i2tdbigt.jpg",Formoterol (6mcg) + Budesonide (400mcg),https://www.1mg.com/drugs/budamate-400-transhaler-63619
10,Betnovate-S Ointment,₹ 36.35,36.35,True,tube of 20 gm Ointment,tube,-,-,Glaxo SmithKline Pharmaceuticals Ltd,"https://onemg.gumlet.io/a_ignore,w_380,h_380,c_fit,q_auto,f_auto/jlzsksemvlxnre2e6rpe.jpg",Betamethasone (0.1% w/w) + Salicylic Acid (3% w/w),https://www.1mg.com/drugs/betnovate-s-ointment-140348
11,Bilazap Tablet,₹ 139,139,True,strip of 10 tablets,strip ,10,tablets,Glenmark Pharmaceuticals Ltd,"https://onemg.gumlet.io/a_ignore,w_380,h_380,c_fit,q_auto,f_auto/p0zjpimtbxucxvpzchwd.jpg",Bilastine (20mg),https://www.1mg.com/drugs/bilazap-tablet-515356
12,Bactomin 375 Tablet,₹ 475.5,475.5,True,strip of 10 tablets,strip ,10,tablets,Zuventus Healthcare Ltd,"https://onemg.gumlet.io/a_ignore,w_380,h_380,c_fit,q_auto,f_auto/drgcqmmt2wyhorgwxm3x.jpg",Sultamicillin tosilate (375mg)not available,https://www.1mg.com/drugs/bactomin-375-tablet-145387
13,Baclof OD 20 Tablet ER,₹ 152.46,152.46,True,strip of 10 tablet er,strip ,10,tablet,Intas Pharmaceuticals Ltd,"https://onemg.gumlet.io/a_ignore,w_380,h_380,c_fit,q_auto,f_auto/phwpo1emzxzfz74qwre1.jpg",Baclofen (20mg),https://www.1mg.com/drugs/baclof-od-20-tablet-er-48252
14,Beclomin Ointment,₹ 39,39,True,tube of 15 gm Ointment,tube,-,-,Leben Life Sciences Pvt Ltd,"https://onemg.gumlet.io/a_ignore,w_380,h_380,c_fit,q_auto,f_auto/hx2gxivwmeoxxxsc1hix.png",Beclometasone (0.025% w/w) + Miconazole (2% w/w),https://www.1mg.com/drugs/beclomin-ointment-112737
15,Bisonext 5mg Tablet,₹ 143.6,143.6,True,strip of 15 tablets,strip ,15,tablets,Lupin Ltd,"https://onemg.gumlet.io/a_ignore,w_380,h_380,c_fit,q_auto,f_auto/loro0q3hwiqmv1cwqsoz.jpg",Bisoprolol (5mg),https://www.1mg.com/drugs/bisonext-5mg-tablet-630856
16,B-29 AQ Injection,₹ 55.8,55.8,True,vial of 1 ml Injection,vial,-,-,Corona Remedies Pvt Ltd,"https://onemg.gumlet.io/a_ignore,w_380,h_380,c_fit,q_auto,f_auto/qyzz1f6d75vusnrpueyq.jpg",Methylcobalamin (500mcg)not available,https://www.1mg.com/drugs/b-29-aq-injection-249732
17,Bladmir 50mg Tablet,₹ 381.9,381.9,True,strip of 10 tablets,strip ,10,tablets,Alembic Pharmaceuticals Ltd,"https://onemg.gumlet.io/a_ignore,w_380,h_380,c_fit,q_auto,f_auto/554be3872e074d438bba14fd47a31fcd.jpg",Mirabegron (50mg),https://www.1mg.com/drugs/bladmir-50mg-tablet-374490
18,Bisobis 5mg Tablet,₹ 44,44,True,strip of 10 tablets,strip ,10,tablets,Corona Remedies Pvt Ltd,"https://onemg.gumlet.io/a_ignore,w_380,h_380,c_fit,q_auto,f_auto/20057add339c4709bc544572e78fd738.jpg",Bisoprolol (5mg),https://www.1mg.com/drugs/bisobis-5mg-tablet-702325
19,Benzonix Gel Wash,₹ 159,159,False,tube of 50 gm Gel,tube,-,-,Canixa Life Sciences Pvt,"https://onemg.gumlet.io/a_ignore,w_380,h_380,c_fit,q_auto,f_auto/mhb2xftvtpllqxh8lu4b.jpg",Benzoyl Peroxide (5% w/w),https://www.1mg.com/drugs/benzonix-gel-wash-515135
20,Brivasure 50mg Tablet,₹ 163,163,True,strip of 10 tablets,strip ,10,tablets,Alkem Laboratories Ltd,"https://onemg.gumlet.io/a_ignore,w_380,h_380,c_fit,q_auto,f_auto/j0mg92kl7s5p0lk6d71p.jpg",Brivaracetam (50mg),https://www.1mg.com/drugs/brivasure-50mg-tablet-648789
21,Bifilac Clausi Oral Suspension (5ml Each),₹ 420,420,False,box of 10 bottles,box ,10,bottles,Tablets India Limited,"https://onemg.gumlet.io/a_ignore,w_380,h_380,c_fit,q_auto,f_auto/t4wsc5vg0amywfhskbie.jpg",Bacillus Clausii (2Billion Spores),https://www.1mg.com/drugs/bifilac-clausi-oral-suspension-5ml-each-733167
22,Bilast 20mg Tablet,₹ 143,143,True,strip of 10 tablets,strip ,10,tablets,Micro Labs Ltd,"https://onemg.gumlet.io/a_ignore,w_380,h_380,c_fit,q_auto,f_auto/hx2gxivwmeoxxxsc1hix.png",Bilastine (20mg),https://www.1mg.com/drugs/bilast-20mg-tablet-587221
23,Beipos Eye Drop,₹ 264.85,264.85,True,bottle of 5 ml Ophthalmic Solution,bottle,-,-,Lupin Ltd,"https://onemg.gumlet.io/a_ignore,w_380,h_380,c_fit,q_auto,f_auto/zuc3oawlfcqnppnrkyxh.jpg",Bepotastine (1.5% w/v),https://www.1mg.com/drugs/beipos-eye-drop-347319
24,Babygesic Drops Orange,₹ 22.09,22.09,False,bottle of 15 ml Oral Suspension,bottle,-,-,Meyer Organics Pvt Ltd,"https://onemg.gumlet.io/a_ignore,w_380,h_380,c_fit,q_auto,f_auto/h6gdye3ryfdlo70ecmob.png",Paracetamol (100mg/ml),https://www.1mg.com/drugs/babygesic-drops-orange-27055
25,Betasalic Ointment,₹ 96.5,96.5,True,tube of 20 gm Ointment,tube,-,-,Cipla Ltd,"https://onemg.gumlet.io/a_ignore,w_380,h_380,c_fit,q_auto,f_auto/b8d7f87d60ae47b1be069f25aeefd18e.jpg",Betamethasone (0.1% w/w) + Salicylic Acid (3% w/w),https://www.1mg.com/drugs/betasalic-ointment-63543
26,Bacstol Tablet,₹ 96.3,96.3,True,strip of 10 tablets,strip ,10,tablets,Ipca Laboratories Ltd,"https://onemg.gumlet.io/a_ignore,w_380,h_380,c_fit,q_auto,f_auto/fc970e43b0334da5801c7184704d8ed3.jpg",Trimethoprim (100mg),https://www.1mg.com/drugs/bacstol-tablet-195029
27,Budesal 1mg Respule 2ml,₹ 281.75,281.75,True,packet of 5 respules,packet ,5,respules,Cipla Ltd,"https://onemg.gumlet.io/a_ignore,w_380,h_380,c_fit,q_auto,f_auto/pxni9uvdugsgdozcfcda.jpg",Levosalbutamol (1.25mg) + Budesonide (1mg),https://www.1mg.com/drugs/budesal-1mg-respule-2ml-368900
28,Budate Transpules,₹ 24.97,24.97,True,packet of 2 ml Transpules,packet ,2,Transpules,Lupin Ltd,"https://onemg.gumlet.io/a_ignore,w_380,h_380,c_fit,q_auto,f_auto/hx2gxivwmeoxxxsc1hix.png",Budesonide (0.5mg),https://www.1mg.com/drugs/budate-transpules-372727
29,Bactoclav DS 457 Dry Syrup,₹ 127,127,True,bottle of 30 ml Oral Suspension,bottle,-,-,Micro Labs Ltd,"https://onemg.gumlet.io/a_ignore,w_380,h_380,c_fit,q_auto,f_auto/zf62hmknisyipseadef8.jpg",Amoxycillin  (400mg/5ml) +  Clavulanic Acid (57mg/5ml),https://www.1mg.com/drugs/bactoclav-ds-457-dry-syrup-134511
0,Bilacad M Tablet,₹ 167.5,167.5,True,strip of 10 tablets,strip ,10,tablets,Cadila Pharmaceuticals Ltd,"https://onemg.gumlet.io/a_ignore,w_380,h_380,c_fit,q_auto,f_auto/hx2gxivwmeoxxxsc1hix.png",Bilastine (20mg) + Montelukast (10mg),https://www.1mg.com/drugs/bilacad-m-tablet-615924
1,Butrum 2mg Injection,₹ 41.63,41.63,True,vial of 1 ml Injection,vial,-,-,Aristo Pharmaceuticals Pvt Ltd,"https://onemg.gumlet.io/a_ignore,w_380,h_380,c_fit,q_auto,f_auto/hx2gxivwmeoxxxsc1hix.png",Butorphanol (2mg)not available,https://www.1mg.com/drugs/butrum-2mg-injection-298421
2,Beat HF 5 Tablet,₹ 127.1,127.1,True,strip of 10 tablets,strip ,10,tablets,Emcure Pharmaceuticals Ltd,"https://onemg.gumlet.io/a_ignore,w_380,h_380,c_fit,q_auto,f_auto/eegvg2qoeqkgnz0unmuu.jpg",Ivabradine (5mg),https://www.1mg.com/drugs/beat-hf-5-tablet-526018
3,Bispec 5 Tablet,₹ 644,644,True,strip of 15 tablets,strip ,15,tablets,Dr Reddy's Laboratories Ltd,"https://onemg.gumlet.io/a_ignore,w_380,h_380,c_fit,q_auto,f_auto/fljplii4r1u7oznwjcaa.jpg",Solifenacin (5mg),https://www.1mg.com/drugs/bispec-5-tablet-341077
4,Bladmir 25 Tablet ER,₹ 250.65,250.65,True,strip of 10 tablet er,strip ,10,tablet,Alembic Pharmaceuticals Ltd,"https://onemg.gumlet.io/a_ignore,w_380,h_380,c_fit,q_auto,f_auto/mmyi1ouns8ctxdm6s6ph.jpg",Mirabegron (25mg),https://www.1mg.com/drugs/bladmir-25-tablet-er-372214
5,Benxop Face Wash,₹ 225,225,False,tube of 50 gm Face Wash,tube,-,-,Salve Pharmaceuticals Pvt Ltd,"https://onemg.gumlet.io/a_ignore,w_380,h_380,c_fit,q_auto,f_auto/dhtgbye46fglsbkuyjwn.jpg",Benzoyl Peroxide (4% w/w),https://www.1mg.com/drugs/benxop-face-wash-151384
6,BP-Nol 50mg Tablet,₹ 8.7,8.7,True,strip of 10 tablets,strip ,10,tablets,Elder Pharmaceuticals Ltd,"https://onemg.gumlet.io/a_ignore,w_380,h_380,c_fit,q_auto,f_auto/hx2gxivwmeoxxxsc1hix.png",Atenolol (50mg)not available,https://www.1mg.com/drugs/bp-nol-50mg-tablet-352149
7,BI-Folate Mouth Ulcer Gel,₹ 110,110,True,bottle of 15 ml Oral Gel,bottle,-,-,Kepler Health Care,"https://onemg.gumlet.io/a_ignore,w_380,h_380,c_fit,q_auto,f_auto/fdyouyzh81wm0ob4ywmr.jpg",Tannic Acid (5% w/v) + Choline Salicylate (8% w/v) + Cetrimide (0.01% w/v) + Lidocaine (2% w/v),https://www.1mg.com/drugs/bi-folate-mouth-ulcer-gel-699840
8,Bilachek Tablet,₹ 108.9,108.9,True,strip of 10 tablets,strip ,10,tablets,Mankind Pharma Ltd,"https://onemg.gumlet.io/a_ignore,w_380,h_380,c_fit,q_auto,f_auto/mdbdk849grrbzaoqtbev.jpg",Bilastine (20mg),https://www.1mg.com/drugs/bilachek-tablet-633712
9,Buscogast 20mg Injection,₹ 12.9,12.9,True,ampoule of 1 Injection,ampoule,-,-,Sanofi India Ltd,"https://onemg.gumlet.io/a_ignore,w_380,h_380,c_fit,q_auto,f_auto/hx2gxivwmeoxxxsc1hix.png",Hyoscine butylbromide (20mg),https://www.1mg.com/drugs/buscogast-20mg-injection-370248
10,Brigrel Tablet,₹ 196,196,True,strip of 10 tablets,strip ,10,tablets,Micro Labs Ltd,"https://onemg.gumlet.io/a_ignore,w_380,h_380,c_fit,q_auto,f_auto/gvzsqxcfuqy6ao3qdtx1.jpg",Ticagrelor (90mg),https://www.1mg.com/drugs/brigrel-tablet-556123
11,Buspin 5mg Tablet,₹ 37.25,37.25,True,strip of 10 tablets,strip ,10,tablets,Intas Pharmaceuticals Ltd,"https://onemg.gumlet.io/a_ignore,w_380,h_380,c_fit,q_auto,f_auto/hx2gxivwmeoxxxsc1hix.png",Buspirone (5mg)not available,https://www.1mg.com/drugs/buspin-5mg-tablet-48691
12,Betasone Tablet,₹ 3.51,3.51,True,strip of 10 tablets,strip ,10,tablets,Dial Pharmaceuticals Pvt Ltd,"https://onemg.gumlet.io/a_ignore,w_380,h_380,c_fit,q_auto,f_auto/hx2gxivwmeoxxxsc1hix.png",Betamethasone (NA)not available,https://www.1mg.com/drugs/betasone-tablet-301227
13,BI-Folate Syrup,₹ 260,260,False,bottle of 100 ml Syrup,bottle,-,-,Kepler Health Care,"https://onemg.gumlet.io/a_ignore,w_380,h_380,c_fit,q_auto,f_auto/hx2gxivwmeoxxxsc1hix.png",L-Methyl Folate (1000mcg) + Methylcobalamin (1500mcg) + Pyridoxal-5-phosphate (1.5mg),https://www.1mg.com/drugs/bi-folate-syrup-799412
14,Bemdac 180mg Tablet,₹ 240,240,True,strip of 10 tablets,strip ,10,tablets,Cadila Healthcare Limited,"https://onemg.gumlet.io/a_ignore,w_380,h_380,c_fit,q_auto,f_auto/c687466d-c594-42f2-a1e0-fe1868b02867.png",Bempedoic acid (180mg),https://www.1mg.com/drugs/bemdac-180mg-tablet-751061
15,Betacap Plus 5 Capsule SR,₹ 110,110,True,strip of 10 capsule sr,strip ,10,capsule,Sun Pharmaceutical Industries Ltd,"https://onemg.gumlet.io/a_ignore,w_380,h_380,c_fit,q_auto,f_auto/wkn5s2rdxxbtrilq5zej.jpg",Propranolol (40mg) + Flunarizine (5mg),https://www.1mg.com/drugs/betacap-plus-5-capsule-sr-68935
16,Bilasure M Kid Oral Suspension,₹ 124,124,True,bottle of 60 ml Oral Suspension,bottle,-,-,Sun Pharmaceutical Industries Ltd,"https://onemg.gumlet.io/a_ignore,w_380,h_380,c_fit,q_auto,f_auto/hx2gxivwmeoxxxsc1hix.png",Bilastine (10mg/5ml) + Montelukast (4mg/5ml),https://www.1mg.com/drugs/bilasure-m-kid-oral-suspension-771353
17,Bilalife M 20mg/10mg Tablet,₹ 173.71,173.71,True,strip of 10 tablets,strip ,10,tablets,Walter Bushnell,"https://onemg.gumlet.io/a_ignore,w_380,h_380,c_fit,q_auto,f_auto/z43qxbp9z92onjargp8z.jpg",Bilastine (20mg) + Montelukast (10mg),https://www.1mg.com/drugs/bilalife-m-20mg-10mg-tablet-630610
18,Budetrol 400 Rotacap,₹ 239.9,239.9,True,packet of 30 rotacaps,-,-,-,Macleods Pharmaceuticals Pvt Ltd,"https://onemg.gumlet.io/a_ignore,w_380,h_380,c_fit,q_auto,f_auto/ebexru7omwtqzrs72s0x.jpg",Formoterol (6mcg) + Budesonide (400mcg),https://www.1mg.com/drugs/budetrol-400-rotacap-150096
19,Betacap 10 Tablet,₹ 13.1,13.1,True,strip of 10 tablets,strip ,10,tablets,Sun Pharmaceutical Industries Ltd,"https://onemg.gumlet.io/a_ignore,w_380,h_380,c_fit,q_auto,f_auto/v0o9cnvogtd5huzageau.jpg",Propranolol (10mg),https://www.1mg.com/drugs/betacap-10-tablet-28874
20,Betakind Gargle,₹ 110,110,False,bottle of 50 ml Gargle,bottle,-,-,Mankind Pharma Ltd,"https://onemg.gumlet.io/a_ignore,w_380,h_380,c_fit,q_auto,f_auto/fjbxguic5crof8yt9nb1.jpg",Povidone Iodine (2% w/v),https://www.1mg.com/drugs/betakind-gargle-198510
21,Bactofix 200mg Tablet DT,₹ 130,130,True,strip of 10 tablet dt,strip ,10,tablet,Univentis Medicare Ltd,"https://onemg.gumlet.io/a_ignore,w_380,h_380,c_fit,q_auto,f_auto/hx2gxivwmeoxxxsc1hix.png",Cefixime (200mg)not available,https://www.1mg.com/drugs/bactofix-200mg-tablet-dt-562947
22,Bactafuz Cream,₹ 55.33,55.33,False,tube of 5 gm Cream,tube,-,-,Mankind Pharma Ltd,"https://onemg.gumlet.io/a_ignore,w_380,h_380,c_fit,q_auto,f_auto/kn8o0ogimslwov079slu.jpg",Fusidic Acid (2% w/w),https://www.1mg.com/drugs/bactafuz-cream-134351
23,Briviact 50mg Tablet,₹ 1494,1494,True,strip of 14 tablets,strip ,14,tablets,Dr Reddy's Laboratories Ltd,"https://onemg.gumlet.io/a_ignore,w_380,h_380,c_fit,q_auto,f_auto/yvzl0i94rmlazqvwujvd.jpg",Brivaracetam (50mg),https://www.1mg.com/drugs/briviact-50mg-tablet-475299
24,Benocide 100mg Forte Tablet,₹ 48.31,48.31,True,strip of 30 tablets,strip ,30,tablets,Glaxo SmithKline Pharmaceuticals Ltd,"https://onemg.gumlet.io/a_ignore,w_380,h_380,c_fit,q_auto,f_auto/hx2gxivwmeoxxxsc1hix.png",Diethylcarbamazine (100mg)not available,https://www.1mg.com/drugs/benocide-100mg-forte-tablet-279259
25,Blumox-Plus Capsule,₹ 37,37,True,strip of 10 capsules,strip ,10,capsules,Blue Cross Laboratories Ltd,"https://onemg.gumlet.io/a_ignore,w_380,h_380,c_fit,q_auto,f_auto/nni3wloi8n3pjxftlbwu.png",Amoxycillin (250mg) + Cloxacillin (250mg)not available,https://www.1mg.com/drugs/blumox-plus-capsule-387306
26,Brutacef 200mg Tablet DT,₹ 97.05,97.05,True,strip of 10 tablet dt,strip ,10,tablet,Mankind Pharma Ltd,"https://onemg.gumlet.io/a_ignore,w_380,h_380,c_fit,q_auto,f_auto/hx2gxivwmeoxxxsc1hix.png",Cefixime (200mg),https://www.1mg.com/drugs/brutacef-200mg-tablet-dt-393031
27,Brinzotim Eye Drop,₹ 425,425,True,packet of 5 ml Eye Drop,-,-,-,Sun Pharmaceutical Industries Ltd,"https://onemg.gumlet.io/a_ignore,w_380,h_380,c_fit,q_auto,f_auto/nczxszvovext2ce8u8qq.jpg",Brinzolamide (1% w/v) + Timolol (0.5% w/v)not available,https://www.1mg.com/drugs/brinzotim-eye-drop-332375
28,Bigomet SR 500 Tablet,₹ 17.6,17.6,True,strip of 10 tablet sr,strip ,10,tablet,Aristo Pharmaceuticals Pvt Ltd,"https://onemg.gumlet.io/a_ignore,w_380,h_380,c_fit,q_auto,f_auto/ayb6oycoduaqfyvpqt1q.jpg",Metformin (500mg),https://www.1mg.com/drugs/bigomet-sr-500-tablet-140516
29,Brophyle-N Tablet,₹ 211,211,True,strip of 10 tablets,strip ,10,tablets,Zuventus Healthcare Ltd,"https://onemg.gumlet.io/a_ignore,w_380,h_380,c_fit,q_auto,f_auto/mpqhi4spotobv5yoc1ig.jpg",Acebrophylline (100mg) + Acetylcysteine (600mg)not available,https://www.1mg.com/drugs/brophyle-n-tablet-541405
0,Betavert OD 24 Tablet CR,₹ 230,230,True,strip of 10 tablet cr,strip ,10,tablet,Sun Pharmaceutical Industries Ltd,"https://onemg.gumlet.io/a_ignore,w_380,h_380,c_fit,q_auto,f_auto/bt4haybb8jvcjmfevxye.jpg",Betahistine (24mg),https://www.1mg.com/drugs/betavert-od-24-tablet-cr-48444
1,Bosentas 62.5 Tablet,₹ 941.98,941.98,True,strip of 10 tablets,strip ,10,tablets,Cipla Ltd,"https://onemg.gumlet.io/a_ignore,w_380,h_380,c_fit,q_auto,f_auto/djs8ej6hchaolzi52vmc.jpg",Bosentan (62.5mg),https://www.1mg.com/drugs/bosentas-62.5-tablet-58591
2,Bisotab 2.5 Tablet,₹ 69.77,69.77,True,strip of 10 tablets,strip ,10,tablets,J B Chemicals and Pharmaceuticals Ltd,"https://onemg.gumlet.io/a_ignore,w_380,h_380,c_fit,q_auto,f_auto/hx2gxivwmeoxxxsc1hix.png",Bisoprolol (2.5mg),https://www.1mg.com/drugs/bisotab-2.5-tablet-514682
3,Bigvin 2500 Injection,₹ 77.64,77.64,True,vial of 1 ml Injection,vial,-,-,BestoChem Formulations  India  Ltd,"https://onemg.gumlet.io/a_ignore,w_380,h_380,c_fit,q_auto,f_auto/dnlz6x9hrd6ihxdbpdfy.jpg",Methylcobalamin (2500mcg/ml),https://www.1mg.com/drugs/bigvin-2500-injection-14097
4,Bigspas-P Tablet,₹ 79.9,79.9,True,strip of 10 tablets,strip ,10,tablets,Mankind Pharma Ltd,"https://onemg.gumlet.io/a_ignore,w_380,h_380,c_fit,q_auto,f_auto/hx2gxivwmeoxxxsc1hix.png",Camylofin (50mg) + Paracetamol (325mg),https://www.1mg.com/drugs/bigspas-p-tablet-167916
5,Bactrim Syrup,₹ 20.31,20.31,True,bottle of 50 ml Syrup,bottle,-,-,Abbott,"https://onemg.gumlet.io/a_ignore,w_380,h_380,c_fit,q_auto,f_auto/hx2gxivwmeoxxxsc1hix.png",Sulfamethoxazole (200mg) + Trimethoprim (40mg),https://www.1mg.com/drugs/bactrim-syrup-174130
6,Brimocom Eye Drop,₹ 387.24,387.24,True,packet of 5 ml Ophthalmic Solution,-,-,-,Cipla Health Ltd,"https://onemg.gumlet.io/a_ignore,w_380,h_380,c_fit,q_auto,f_auto/u88ksh22ic8nymn2k92s.jpg",Timolol (5mg) + Brimonidine (2mg),https://www.1mg.com/drugs/brimocom-eye-drop-63593
7,Betacard-AM 5mg/50mg Tablet,₹ 36.65,36.65,True,strip of 15 tablets,strip ,15,tablets,Torrent Pharmaceuticals Ltd,"https://onemg.gumlet.io/a_ignore,w_380,h_380,c_fit,q_auto,f_auto/hx2gxivwmeoxxxsc1hix.png",Amlodipine (5mg) + Atenolol (50mg),https://www.1mg.com/drugs/betacard-am-5mg-50mg-tablet-572593
8,Brillo 180mg Tablet,₹ 240,240,True,strip of 10 tablets,strip ,10,tablets,Sun Pharmaceutical Industries Ltd,"https://onemg.gumlet.io/a_ignore,w_380,h_380,c_fit,q_auto,f_auto/hx2gxivwmeoxxxsc1hix.png",Bempedoic acid (180mg),https://www.1mg.com/drugs/brillo-180mg-tablet-765030
9,Budamate Neb 1mg Respules (2ml Each),₹ 476,476,True,packet of 7 respules,packet ,7,respules,Lupin Ltd,"https://onemg.gumlet.io/a_ignore,w_380,h_380,c_fit,q_auto,f_auto/yya0eajnnyd0u5fvlysw.jpg",Formoterol (20mcg) + Budesonide (1mg)not available,https://www.1mg.com/drugs/budamate-neb-1mg-respules-2ml-each-340951
10,Becozinc-M Tablet,₹ 126.5,126.5,True,strip of 10 tablets,strip ,10,tablets,Dr Reddy's Laboratories Ltd,"https://onemg.gumlet.io/a_ignore,w_380,h_380,c_fit,q_auto,f_auto/hx2gxivwmeoxxxsc1hix.png",Methylcobalamin (1500mcg) + Alpha Lipoic Acid (100mg) + Vitamin B6 (Pyridoxine) (3mg) + Folic Acid (1.5mg) + Vitamin D3 (1000IU),https://www.1mg.com/drugs/becozinc-m-tablet-636551
11,Byloza Tablet,₹ 159.5,159.5,True,strip of 10 tablets,strip ,10,tablets,Lupin Ltd,"https://onemg.gumlet.io/a_ignore,w_380,h_380,c_fit,q_auto,f_auto/eldlbb521ggbmqa6xe1c.jpg",Bilastine (20mg),https://www.1mg.com/drugs/byloza-tablet-515595
12,Betadine 5% Ointment,₹ 80.5,80.5,False,tube of 25 gm Ointment,tube,-,-,Win-Medicare Pvt Ltd,"https://onemg.gumlet.io/a_ignore,w_380,h_380,c_fit,q_auto,f_auto/bpaejlcerit0tb7zodnw.jpg",Povidone Iodine (5% w/w),https://www.1mg.com/drugs/betadine-5-ointment-325231
13,B COMPLEX INJECTION,₹ 10.41,10.41,True,vial of 10 ml Injection,vial,-,-,Shreya Life Sciences Pvt Ltd,"https://onemg.gumlet.io/a_ignore,w_380,h_380,c_fit,q_auto,f_auto/hx2gxivwmeoxxxsc1hix.png",Vitamin B (NA)not available,https://www.1mg.com/drugs/b-complex-injection-280534
14,Benadryl DR Kids Syrup Mixed fruit flavour Alcohol Free,₹ 93,93,True,bottle of 100 ml Syrup,bottle,-,-,Johnson & Johnson Ltd,"https://onemg.gumlet.io/a_ignore,w_380,h_380,c_fit,q_auto,f_auto/25ec8d31e1e642bd8deb5cce5c084913.jpg",Dextromethorphan Hydrobromide (7.5mg/5ml)not available,https://www.1mg.com/drugs/benadryl-dr-kids-syrup-mixed-fruit-flavour-alcohol-free-336969
15,Bilanix Forte 40mg Tablet,₹ 189,189,True,strip of 10 tablets,strip ,10,tablets,Ajanta Pharma Ltd,"https://onemg.gumlet.io/a_ignore,w_380,h_380,c_fit,q_auto,f_auto/f5f10782ea874df3a16229d06f203d53.jpg",Bilastine (40mg),https://www.1mg.com/drugs/bilanix-forte-40mg-tablet-698013
16,Brivex Eye Drop,₹ 509,509,True,packet of 5 ml Eye Drop,-,-,-,Ajanta Pharma Ltd,"https://onemg.gumlet.io/a_ignore,w_380,h_380,c_fit,q_auto,f_auto/yk8zqffa7uquuqkzrhqw.jpg",Brinzolamide (1% w/v) + Brimonidine (0.2% w/v),https://www.1mg.com/drugs/brivex-eye-drop-389168
17,Bimat LS Eye Drop,₹ 243,243,True,bottle of 3 ml Eye Drop,bottle,-,-,Ajanta Pharma Ltd,"https://onemg.gumlet.io/a_ignore,w_380,h_380,c_fit,q_auto,f_auto/jvyixwuvxoqsrzh1wvpi.jpg",Bimatoprost (0.01% w/v),https://www.1mg.com/drugs/bimat-ls-eye-drop-160020
18,Bisotab 5 Tablet,₹ 103,103,True,strip of 10 tablets,strip ,10,tablets,J B Chemicals and Pharmaceuticals Ltd,"https://onemg.gumlet.io/a_ignore,w_380,h_380,c_fit,q_auto,f_auto/d4e8981b5f124fc5a136913ba26811a2.jpg",Bisoprolol (5mg),https://www.1mg.com/drugs/bisotab-5-tablet-514595
19,Beltas Tablet,₹ 139,139,True,strip of 10 tablets,strip ,10,tablets,Glenmark Pharmaceuticals Ltd,"https://onemg.gumlet.io/a_ignore,w_380,h_380,c_fit,q_auto,f_auto/qvy1czes1h42fcdnjvxu.jpg",Bilastine (20mg),https://www.1mg.com/drugs/beltas-tablet-515562
20,Betafree Eye Drop,₹ 490,490,True,bottle of 5 ml Eye Drop,bottle,-,-,Micro Labs Ltd,"https://onemg.gumlet.io/a_ignore,w_380,h_380,c_fit,q_auto,f_auto/xjtuklyeeipt0mrgv16r.jpg",Brinzolamide (1% w/v) + Brimonidine (0.2% w/v),https://www.1mg.com/drugs/betafree-eye-drop-346701
21,Betoact Eye Drops,₹ 279,279,True,bottle of 5 ml Ophthalmic Solution,bottle,-,-,Ajanta Pharma Ltd,"https://onemg.gumlet.io/a_ignore,w_380,h_380,c_fit,q_auto,f_auto/ffobacnhow4y83lqq2bg.jpg",Bepotastine (1.5% w/v)not available,https://www.1mg.com/drugs/betoact-eye-drops-347060
22,Bistas Tablet,₹ 220,220,True,strip of 8 tablets,strip ,8,tablets,Waterley Pharmaceuticals Pvt Ltd,"https://onemg.gumlet.io/a_ignore,w_380,h_380,c_fit,q_auto,f_auto/dgja35isukpxsutrd5gu.jpg",Colloidal bismuth subcitrate (120mg),https://www.1mg.com/drugs/bistas-tablet-661739
23,Bnc Cream,₹ 49.5,49.5,True,tube of 10 gm Cream,tube,-,-,Omega Remedies Pvt Ltd,"https://onemg.gumlet.io/a_ignore,w_380,h_380,c_fit,q_auto,f_auto/hx2gxivwmeoxxxsc1hix.png",Beclometasone (0.025% w/w) + Neomycin (0.5% w/w) + Clotrimazole (1% w/w)not available,https://www.1mg.com/drugs/bnc-cream-423945
24,Biocof Mint New Syrup,₹ 102.6,102.6,True,bottle of 100 ml Syrup,bottle,-,-,Biochem Pharmaceutical Industries,"https://onemg.gumlet.io/a_ignore,w_380,h_380,c_fit,q_auto,f_auto/hx2gxivwmeoxxxsc1hix.png",Cetirizine (2.5mg) + Dextromethorphan Hydrobromide (5mg) + Phenylephrine (2.5mg)not available,https://www.1mg.com/drugs/biocof-mint-new-syrup-543187
25,Broncorex Expectorant,₹ 69.14,69.14,True,bottle of 50 ml Syrup,bottle,-,-,Pfizer Ltd,"https://onemg.gumlet.io/a_ignore,w_380,h_380,c_fit,q_auto,f_auto/hx2gxivwmeoxxxsc1hix.png",Guaifenesin (50mg) + Terbutaline (1.25mg) + Bromhexine (4mg),https://www.1mg.com/drugs/broncorex-expectorant-146264
26,Bidin T  Eye Drop,₹ 211,211,True,packet of 5 ml Eye Drop,-,-,-,Ajanta Pharma Ltd,"https://onemg.gumlet.io/a_ignore,w_380,h_380,c_fit,q_auto,f_auto/vmmbyutbm1gojjgkmrvy.jpg",Timolol (0.5% w/v) + Brimonidine (0.2% w/v),https://www.1mg.com/drugs/bidin-t-eye-drop-280357
27,Bidin LS Eye Drop,₹ 243,243,True,bottle of 5 ml Eye Drop,bottle,-,-,Ajanta Pharma Ltd,"https://onemg.gumlet.io/a_ignore,w_380,h_380,c_fit,q_auto,f_auto/idx8qi1dwg6gtnnkkusx.jpg",Brimonidine (0.1% w/v),https://www.1mg.com/drugs/bidin-ls-eye-drop-149232
28,Bacstol 200 Tablet,₹ 139,139,True,strip of 10 tablets,strip ,10,tablets,Ipca Laboratories Ltd,"https://onemg.gumlet.io/a_ignore,w_380,h_380,c_fit,q_auto,f_auto/z7rotxsrubtz2fqwuojw.jpg",Trimethoprim (200mg),https://www.1mg.com/drugs/bacstol-200-tablet-129132
29,Biotax 1gm Injection,₹ 39.01,39.01,True,vial of 30 ml Injection,vial,-,-,Biochem Pharmaceutical Industries,"https://onemg.gumlet.io/a_ignore,w_380,h_380,c_fit,q_auto,f_auto/hx2gxivwmeoxxxsc1hix.png",Cefotaxime (1gm),https://www.1mg.com/drugs/biotax-1gm-injection-143722
0,Bactomin 750 Tablet,₹ 538.95,538.95,True,strip of 6 tablets,strip ,6,tablets,Zuventus Healthcare Ltd,"https://onemg.gumlet.io/a_ignore,w_380,h_380,c_fit,q_auto,f_auto/cgmptwlb9vezy2jy7lov.jpg",Sultamicillin tosilate (750mg),https://www.1mg.com/drugs/bactomin-750-tablet-156471
1,Benadryl Syrup,₹ 251,251,True,bottle of 450 ml Syrup,bottle,-,-,Johnson & Johnson Ltd,"https://onemg.gumlet.io/a_ignore,w_380,h_380,c_fit,q_auto,f_auto/xirfm4tks29lvibmlvoy.jpg",Diphenhydramine (14.08mg/5ml) + Ammonium Chloride (138mg/5ml) + Sodium Citrate (57.03mg/5ml),https://www.1mg.com/drugs/benadryl-syrup-146352
2,Brevoxyl Cream,₹ 112.9,112.9,False,tube of 20 gm Cream,tube,-,-,Torrent Pharmaceuticals Ltd,"https://onemg.gumlet.io/a_ignore,w_380,h_380,c_fit,q_auto,f_auto/fqtssfc0rovxb0rn9eas.jpg",Benzoyl Peroxide (4% w/w)not available,https://www.1mg.com/drugs/brevoxyl-cream-218749
3,Budecort 400 Rotacap,₹ 180.8,180.8,True,packet of 30 rotacaps,-,-,-,Cipla Ltd,"https://onemg.gumlet.io/a_ignore,w_380,h_380,c_fit,q_auto,f_auto/r1lq5fcyqzvitnl0mz2c.jpg",Budesonide (400mcg),https://www.1mg.com/drugs/budecort-400-rotacap-151462
4,Bactogard 200mg Tablet,₹ 167.5,167.5,True,strip of 10 tablets,strip ,10,tablets,Indoco Remedies Ltd,"https://onemg.gumlet.io/a_ignore,w_380,h_380,c_fit,q_auto,f_auto/hx2gxivwmeoxxxsc1hix.png",Cefpodoxime Proxetil (200mg),https://www.1mg.com/drugs/bactogard-200mg-tablet-228423
5,Benadryl Syrup,₹ 75,75,True,bottle of 50 ml Syrup,bottle,-,-,Johnson & Johnson Ltd,"https://onemg.gumlet.io/a_ignore,w_380,h_380,c_fit,q_auto,f_auto/fuue4ummfaqepvljrpan.jpg",Diphenhydramine (14.08mg/5ml) + Ammonium Chloride (138mg/5ml) + Sodium Citrate (57.03mg/5ml),https://www.1mg.com/drugs/benadryl-syrup-177427
6,Brilinta 60mg Tablet,₹ 420,420,True,strip of 14 tablets,strip ,14,tablets,AstraZeneca,"https://onemg.gumlet.io/a_ignore,w_380,h_380,c_fit,q_auto,f_auto/92de94376d0b4e9db46db49d2345d618.jpg",Ticagrelor (60mg),https://www.1mg.com/drugs/brilinta-60mg-tablet-376489
7,Bluglip M 500mg/50mg Tablet,₹ 80,80,True,strip of 15 tablets,strip ,15,tablets,Blue Cross Laboratories Ltd,"https://onemg.gumlet.io/a_ignore,w_380,h_380,c_fit,q_auto,f_auto/ae4e4864b8884236b83fff5f426860f5.jpg",Metformin  (500mg) +  Vildagliptin (50mg),https://www.1mg.com/drugs/bluglip-m-500mg-50mg-tablet-684431
8,Bidanzen Forte Tablet,₹ 89,89,True,strip of 10 tablets,strip ,10,tablets,Glaxo SmithKline Pharmaceuticals Ltd,"https://onemg.gumlet.io/a_ignore,w_380,h_380,c_fit,q_auto,f_auto/hx2gxivwmeoxxxsc1hix.png",Serratiopeptidase (10mg)not available,https://www.1mg.com/drugs/bidanzen-forte-tablet-344914
9,Budez OD Tablet ER,₹ 742,742,True,bottle of 15 tablet er,bottle,-,-,Sun Pharmaceutical Industries Ltd,"https://onemg.gumlet.io/a_ignore,w_380,h_380,c_fit,q_auto,f_auto/oxjr212nypufjm7sjzhq.jpg",Budesonide (9mg),https://www.1mg.com/drugs/budez-od-tablet-er-663673
10,Budecort 200 Rotacap,₹ 107.85,107.85,True,packet of 30 rotacaps,-,-,-,Cipla Ltd,"https://onemg.gumlet.io/a_ignore,w_380,h_380,c_fit,q_auto,f_auto/4afe0344-a9af-415e-a152-bc53ff0d23d4.png",Budesonide (200mcg),https://www.1mg.com/drugs/budecort-200-rotacap-258863
11,Bilahist 20mg Tablet,₹ 132,132,True,strip of 10 tablets,strip ,10,tablets,Med Manor Organics Pvt Ltd,"https://onemg.gumlet.io/a_ignore,w_380,h_380,c_fit,q_auto,f_auto/9d2f83fb991b4ae9828e01776feb6742.jpg",Bilastine (20mg)not available,https://www.1mg.com/drugs/bilahist-20mg-tablet-572101
12,Betnelan Tablet,₹ 10.65,10.65,True,strip of 20 tablets,strip ,20,tablets,Glaxo SmithKline Pharmaceuticals Ltd,"https://onemg.gumlet.io/a_ignore,w_380,h_380,c_fit,q_auto,f_auto/kxfp6ddswob8ynauhuvr.jpg",Betamethasone (0.5mg)not available,https://www.1mg.com/drugs/betnelan-tablet-74517
13,Brugel,₹ 174.06,174.06,False,tube of 30 gm Gel,tube,-,-,Abbott,"https://onemg.gumlet.io/a_ignore,w_380,h_380,c_fit,q_auto,f_auto/iaqf7njs1ghffxzomiyc.jpg",Flurbiprofen (5% w/w),https://www.1mg.com/drugs/brugel-238825
14,Bularid M 20mg/10mg Tablet,₹ 125,125,True,strip of 10 tablets,strip ,10,tablets,Ipca Laboratories Ltd,"https://onemg.gumlet.io/a_ignore,w_380,h_380,c_fit,q_auto,f_auto/hx2gxivwmeoxxxsc1hix.png",Bilastine (20mg) + Montelukast (10mg),https://www.1mg.com/drugs/bularid-m-20mg-10mg-tablet-724740
15,Bexol DT Tablet,₹ 151.2,151.2,True,bottle of 100 tablet dt,bottle,-,-,Intas Pharmaceuticals Ltd,"https://onemg.gumlet.io/a_ignore,w_380,h_380,c_fit,q_auto,f_auto/f03tyng5mjrn4szytajy.jpg",Trihexyphenidyl (2mg),https://www.1mg.com/drugs/bexol-dt-tablet-186644
16,Biorex DX Syrup,₹ 127.4,127.4,True,bottle of 100 ml Syrup,bottle,-,-,Biochem Pharmaceutical Industries,"https://onemg.gumlet.io/a_ignore,w_380,h_380,c_fit,q_auto,f_auto/hx2gxivwmeoxxxsc1hix.png",Chlorpheniramine Maleate (4mg/5ml) + Dextromethorphan Hydrobromide (10mg/5ml),https://www.1mg.com/drugs/biorex-dx-syrup-559399
17,Brevipil 100 Tablet,₹ 339,339,True,strip of 10 tablets,strip ,10,tablets,Sun Pharmaceutical Industries Ltd,"https://onemg.gumlet.io/a_ignore,w_380,h_380,c_fit,q_auto,f_auto/fxnvloima84jvgacnsfv.jpg",Brivaracetam (100mg),https://www.1mg.com/drugs/brevipil-100-tablet-640103
18,Benitowa 4 Tablet,₹ 106,106,True,strip of 10 tablets,strip ,10,tablets,Akumentis Healthcare Ltd,"https://onemg.gumlet.io/a_ignore,w_380,h_380,c_fit,q_auto,f_auto/erxsfoiwbwhgdwvihoxt.jpg",Benidipine (4mg)not available,https://www.1mg.com/drugs/benitowa-4-tablet-335381
19,Betavert 24 Tablet,₹ 210,210,True,strip of 10 tablets,strip ,10,tablets,Sun Pharmaceutical Industries Ltd,"https://onemg.gumlet.io/a_ignore,w_380,h_380,c_fit,q_auto,f_auto/mvuhprlhcitpnzllld1s.jpg",Betahistine (24mg),https://www.1mg.com/drugs/betavert-24-tablet-250323
20,Benzac AC 5% Gel,₹ 198,198,False,tube of 20 gm Gel,tube,-,-,Galderma India Pvt Ltd,"https://onemg.gumlet.io/a_ignore,w_380,h_380,c_fit,q_auto,f_auto/hrfn3aitvm8ane4zkfll.jpg",Benzoyl Peroxide (5% w/w)not available,https://www.1mg.com/drugs/benzac-ac-5-gel-234665
21,Buspin 10 Tablet,₹ 55,55,True,strip of 10 tablets,strip ,10,tablets,Intas Pharmaceuticals Ltd,"https://onemg.gumlet.io/a_ignore,w_380,h_380,c_fit,q_auto,f_auto/fhuinaqiesz9h3ymdhlr.jpg",Buspirone (10mg)not available,https://www.1mg.com/drugs/buspin-10-tablet-48694
22,Bisobis 2.5mg Tablet,₹ 44,44,True,strip of 10 tablets,strip ,10,tablets,Corona Remedies Pvt Ltd,"https://onemg.gumlet.io/a_ignore,w_380,h_380,c_fit,q_auto,f_auto/hx2gxivwmeoxxxsc1hix.png",Bisoprolol (2.5mg),https://www.1mg.com/drugs/bisobis-2.5mg-tablet-702323
23,Bularid-L 40 Tablet,₹ 175,175,True,strip of 10 tablets,strip ,10,tablets,Ipca Laboratories Ltd,"https://onemg.gumlet.io/a_ignore,w_380,h_380,c_fit,q_auto,f_auto/gfzr90jiqjlffnd5tfkn.jpg",Bilastine (40mg),https://www.1mg.com/drugs/bularid-l-40-tablet-686911
24,Biogesic-P 100mg/325mg Tablet,₹ 70.75,70.75,True,strip of 10 tablets,strip ,10,tablets,Biochem Pharmaceutical Industries,"https://onemg.gumlet.io/a_ignore,w_380,h_380,c_fit,q_auto,f_auto/hx2gxivwmeoxxxsc1hix.png",Nimesulide (100mg) + Paracetamol (325mg)not available,https://www.1mg.com/drugs/biogesic-p-100mg-325mg-tablet-160324
25,Brilinta 90mg Tablet,₹ 4980,4980,True,bottle of 180 tablets,bottle,-,-,AstraZeneca,"https://onemg.gumlet.io/a_ignore,w_380,h_380,c_fit,q_auto,f_auto/d75b9dcd63e1405680364e660abadc6e.jpg",Ticagrelor (90mg),https://www.1mg.com/drugs/brilinta-90mg-tablet-372381
26,Brozeet-LS 1mg Syrup,₹ 118.9,118.9,True,bottle of 100 ml Syrup,bottle,-,-,Alembic Pharmaceuticals Ltd,"https://onemg.gumlet.io/a_ignore,w_380,h_380,c_fit,q_auto,f_auto/nh3d87z02cxmunsu8teb.jpg",Levosalbutamol (1mg/5ml) + Ambroxol (30mg/5ml) + Guaifenesin (50mg/5ml),https://www.1mg.com/drugs/brozeet-ls-1mg-syrup-686659
27,Brupal Kid 100mg/125mg Tablet,₹ 6.5,6.5,True,strip of 10 tablets,strip ,10,tablets,Geno Pharmaceuticals Ltd,"https://onemg.gumlet.io/a_ignore,w_380,h_380,c_fit,q_auto,f_auto/hx2gxivwmeoxxxsc1hix.png",Ibuprofen (100mg) + Paracetamol (125mg)not available,https://www.1mg.com/drugs/brupal-kid-100mg-125mg-tablet-268087
28,Biggaba NT 75mg/10mg Tablet SR,₹ 197.89,197.89,True,strip of 10 tablet sr,strip ,10,tablet,Mankind Pharma Ltd,"https://onemg.gumlet.io/a_ignore,w_380,h_380,c_fit,q_auto,f_auto/hx2gxivwmeoxxxsc1hix.png",Pregabalin (75mg) + Nortriptyline (10mg),https://www.1mg.com/drugs/biggaba-nt-75mg-10mg-tablet-sr-629798
29,Bilanta Tablet,₹ 134.5,134.5,True,strip of 10 tablets,strip ,10,tablets,Ajanta Pharma Ltd,"https://onemg.gumlet.io/a_ignore,w_380,h_380,c_fit,q_auto,f_auto/hxbvdhotoclcvkgohfl1.jpg",Bilastine (20mg),https://www.1mg.com/drugs/bilanta-tablet-515359
0,Basalog 100IU/ml Injection,₹ 783.13,783.13,True,vial of 5 ml Injection,vial,-,-,Biocon,"https://onemg.gumlet.io/a_ignore,w_380,h_380,c_fit,q_auto,f_auto/qx0v2ohqyclx18jykqwz.jpg",Insulin Glargine (100IU/ml),https://www.1mg.com/drugs/basalog-100iu-ml-injection-174885
1,Bularid L 20mg Tablet,₹ 148.4,148.4,True,strip of 10 tablets,strip ,10,tablets,Ipca Laboratories Ltd,"https://onemg.gumlet.io/a_ignore,w_380,h_380,c_fit,q_auto,f_auto/hx2gxivwmeoxxxsc1hix.png",Bilastine (20mg),https://www.1mg.com/drugs/bularid-l-20mg-tablet-631888
2,Bilaford M 20mg/10mg Tablet,₹ 150,150,True,strip of 10 tablets,strip ,10,tablets,Leeford Healthcare Ltd,"https://onemg.gumlet.io/a_ignore,w_380,h_380,c_fit,q_auto,f_auto/hx2gxivwmeoxxxsc1hix.png",Bilastine (20mg) + Montelukast (10mg)not available,https://www.1mg.com/drugs/bilaford-m-20mg-10mg-tablet-777081
3,Beta Anxit 0.25 mg/20 mg Tablet,₹ 45.5,45.5,True,strip of 10 tablets,strip ,10,tablets,Micro Labs Ltd,"https://onemg.gumlet.io/a_ignore,w_380,h_380,c_fit,q_auto,f_auto/hx2gxivwmeoxxxsc1hix.png",Alprazolam (0.25mg) + Propranolol (20mg)not available,https://www.1mg.com/drugs/beta-anxit-0.25-mg-20-mg-tablet-114706
4,Budamate Forte Transcaps,₹ 427.5,427.5,True,bottle of 30 transcaps,bottle,-,-,Lupin Ltd,"https://onemg.gumlet.io/a_ignore,w_380,h_380,c_fit,q_auto,f_auto/sfd9i0f9zq6axm1bch8i.jpg",Formoterol (12mcg) + Budesonide (400mcg),https://www.1mg.com/drugs/budamate-forte-transcaps-149375
5,Bandrone 150 Tablet,₹ 164.9,164.9,True,strip of 1 Tablet,strip ,1,Tablet,Natco Pharma Ltd,"https://onemg.gumlet.io/a_ignore,w_380,h_380,c_fit,q_auto,f_auto/o8obmluqqrwjupbtnlqx.jpg",Ibandronic Acid (150mg),https://www.1mg.com/drugs/bandrone-150-tablet-14242
6,Betadine 5 % Solution,₹ 240.8,240.8,False,bottle of 500 ml Solution,bottle,-,-,Win-Medicare Pvt Ltd,"https://onemg.gumlet.io/a_ignore,w_380,h_380,c_fit,q_auto,f_auto/y097ng2xv01hw8lsnp9y.jpg",Povidone Iodine (5% w/v),https://www.1mg.com/drugs/betadine-5-solution-68949
7,Buscopan Plus 10 mg/500 mg Tablet,₹ 55.7,55.7,False,strip of 10 tablets,strip ,10,tablets,Zydus Cadila,"https://onemg.gumlet.io/a_ignore,w_380,h_380,c_fit,q_auto,f_auto/hx2gxivwmeoxxxsc1hix.png",Hyoscine butylbromide (10mg) + Paracetamol (500mg)not available,https://www.1mg.com/drugs/buscopan-plus-10-mg-500-mg-tablet-167512
8,Brintop F 10% Solution,₹ 1287.7,1287.7,True,bottle of 100 ml Solution,bottle,-,-,Brinton Pharmaceuticals Pvt Ltd,"https://onemg.gumlet.io/a_ignore,w_380,h_380,c_fit,q_auto,f_auto/l871uznji3egvfrbf6ji.jpg",Minoxidil (10% w/v) + Finasteride (0.1% w/v),https://www.1mg.com/drugs/brintop-f-10-solution-368166
9,Budenase AQ Nasal Spray,₹ 151.7,151.7,True,packet of 7.5 ml Nasal Spray,-,-,-,Cipla Ltd,"https://onemg.gumlet.io/a_ignore,w_380,h_380,c_fit,q_auto,f_auto/nbbscjebdrh4snsnhrbd.jpg",Budesonide (100mcg),https://www.1mg.com/drugs/budenase-aq-nasal-spray-48624
10,Benitowa 8 Tablet,₹ 268.5,268.5,True,strip of 15 tablets,strip ,15,tablets,Akumentis Healthcare Ltd,"https://onemg.gumlet.io/a_ignore,w_380,h_380,c_fit,q_auto,f_auto/huotwyoyjnecszb1wsbk.jpg",Benidipine (8mg),https://www.1mg.com/drugs/benitowa-8-tablet-663663
11,Barinat 4 Tablet,₹ 419,419,True,bottle of 14 tablets,bottle,-,-,Natco Pharma Ltd,"https://onemg.gumlet.io/a_ignore,w_380,h_380,c_fit,q_auto,f_auto/u2jcukzodwvlexmauuiw.jpg",Baricitinib (4mg)not available,https://www.1mg.com/drugs/barinat-4-tablet-665215
12,Bactoclav Dry Syrup,₹ 60.48,60.48,True,bottle of 30 ml Oral Suspension,bottle,-,-,Micro Labs Ltd,"https://onemg.gumlet.io/a_ignore,w_380,h_380,c_fit,q_auto,f_auto/b649d539e0534cd89402535d8fe79d2a.jpg",Amoxycillin  (200mg) +  Clavulanic Acid (28.5mg),https://www.1mg.com/drugs/bactoclav-dry-syrup-74812
13,Buvalor 5mg Transdermal Patch,₹ 1582,1582,True,packet of 2 transdermal patches,packet ,2,patches,Modi Mundi Pharma Pvt Ltd,"https://onemg.gumlet.io/a_ignore,w_380,h_380,c_fit,q_auto,f_auto/hx2gxivwmeoxxxsc1hix.png",Buprenorphine (5mg)not available,https://www.1mg.com/drugs/buvalor-5mg-transdermal-patch-153964
14,Biosuganril 10 Tablet,₹ 216.95,216.95,True,strip of 10 tablets,strip ,10,tablets,Abbott,"https://onemg.gumlet.io/a_ignore,w_380,h_380,c_fit,q_auto,f_auto/sunt75esr27rx6wnan6j.jpg",Serratiopeptidase (10mg),https://www.1mg.com/drugs/biosuganril-10-tablet-305375
15,Basalog One 100IU/ml Injection,₹ 823.1,823.1,True,pre-filled pen of 3 ml Injection,pre-filled,-,-,Biocon,"https://onemg.gumlet.io/a_ignore,w_380,h_380,c_fit,q_auto,f_auto/xty1dxvho0e4juquzz7d.jpg",Insulin Glargine (100IU),https://www.1mg.com/drugs/basalog-one-100iu-ml-injection-336928
16,Bilazap M Oral Suspension,₹ 120,120,True,bottle of 60 ml Oral Suspension,bottle,-,-,Glenmark Pharmaceuticals Ltd,"https://onemg.gumlet.io/a_ignore,w_380,h_380,c_fit,q_auto,f_auto/hx2gxivwmeoxxxsc1hix.png",Bilastine (10mg/5ml) + Montelukast (4mg/5ml),https://www.1mg.com/drugs/bilazap-m-oral-suspension-758054
17,Bestogesic Plus 100 mg/500 mg Tablet,₹ 64,64,True,strip of 10 tablets,strip ,10,tablets,BestoChem Formulations  India  Ltd,"https://onemg.gumlet.io/a_ignore,w_380,h_380,c_fit,q_auto,f_auto/hx2gxivwmeoxxxsc1hix.png",Nimesulide (100mg) + Paracetamol (500mg)not available,https://www.1mg.com/drugs/bestogesic-plus-100-mg-500-mg-tablet-164325
18,Britam 50 Tablet,₹ 148,148,True,strip of 10 tablets,strip ,10,tablets,Linux Laboratories,"https://onemg.gumlet.io/a_ignore,w_380,h_380,c_fit,q_auto,f_auto/xhzn0ezprjv2kwrrsegw.jpg",Brivaracetam (50mg),https://www.1mg.com/drugs/britam-50-tablet-640717
19,Briv 50mg Tablet,₹ 154,154,True,strip of 10 tablets,strip ,10,tablets,Dr Reddy's Laboratories Ltd,"https://onemg.gumlet.io/a_ignore,w_380,h_380,c_fit,q_auto,f_auto/rcyjzhopujfijagplom7.png",Brivaracetam (50mg)not available,https://www.1mg.com/drugs/briv-50mg-tablet-636452
20,Bro-Zedex LS Drops,₹ 70.5,70.5,True,bottle of 15 ml Oral Drops,bottle,-,-,Dr Reddy's Laboratories Ltd,"https://onemg.gumlet.io/a_ignore,w_380,h_380,c_fit,q_auto,f_auto/hmg7khks6qldp332px1x.png",Ambroxol (7.5mg/ml) + Levosalbutamol (0.25mg/ml) + Guaifenesin (12.5mg/ml),https://www.1mg.com/drugs/bro-zedex-ls-drops-337105
21,Betavert Tablet,₹ 77,77,True,strip of 10 tablets,strip ,10,tablets,Sun Pharmaceutical Industries Ltd,"https://onemg.gumlet.io/a_ignore,w_380,h_380,c_fit,q_auto,f_auto/tstlamygqbjumnnwz7gy.jpg",Betahistine (8mg),https://www.1mg.com/drugs/betavert-tablet-48370
22,Baga-NT Tablet,₹ 426.8,426.8,True,strip of 15 tablets,strip ,15,tablets,Eris Lifesciences Ltd,"https://onemg.gumlet.io/a_ignore,w_380,h_380,c_fit,q_auto,f_auto/flg0bp79joydqqiuoxlx.png",Gabapentin (400mg) + Nortriptyline (10mg),https://www.1mg.com/drugs/baga-nt-tablet-568603
23,Betagel,₹ 12.99,12.99,True,tube of 20 gm Gel,tube,-,-,Micro Labs Ltd,"https://onemg.gumlet.io/a_ignore,w_380,h_380,c_fit,q_auto,f_auto/an2j5f0a9nzaa6gzu6bz.jpg",Betamethasone (0.05% w/w)not available,https://www.1mg.com/drugs/betagel-70129
24,Bilasure 40 Tablet,₹ 197,197,True,strip of 10 tablets,strip ,10,tablets,Sun Pharmaceutical Industries Ltd,"https://onemg.gumlet.io/a_ignore,w_380,h_380,c_fit,q_auto,f_auto/e6tpded7pn3jmtiaaupr.jpg",Bilastine (40mg),https://www.1mg.com/drugs/bilasure-40-tablet-708440
25,Budetrol 400 Inhaler,₹ 440.74,440.74,True,packet of 120 MDI Inhaler,-,-,-,Macleods Pharmaceuticals Pvt Ltd,"https://onemg.gumlet.io/a_ignore,w_380,h_380,c_fit,q_auto,f_auto/jrj2irlxz3t2bsu5an92.jpg",Formoterol (6mcg) + Budesonide (400mcg),https://www.1mg.com/drugs/budetrol-400-inhaler-246323
26,Budaways 0.5 Respule (2ml Each) Respules,₹ 132.25,132.25,True,packet of 5 respules,packet ,5,respules,Mankind Pharma Ltd,"https://onemg.gumlet.io/a_ignore,w_380,h_380,c_fit,q_auto,f_auto/99713de2c4ee4b6da35f9619ec375be8.jpg",Budesonide (0.5mg),https://www.1mg.com/drugs/budaways-0.5-respule-2ml-each-respules-732835
27,Broncofil N Tablet,₹ 250,250,True,strip of 10 tablets,strip ,10,tablets,Leeford Healthcare Ltd,"https://onemg.gumlet.io/a_ignore,w_380,h_380,c_fit,q_auto,f_auto/5416109f62ef445b913f77ef4e5cd5ff.jpg",Acebrophylline (100mg) + Acetylcysteine (600mg),https://www.1mg.com/drugs/broncofil-n-tablet-736776
28,B-VIT 12 Injection,₹ 30,30,True,vial of 30 ml Injection,vial,-,-,Astra Labs,"https://onemg.gumlet.io/a_ignore,w_380,h_380,c_fit,q_auto,f_auto/hx2gxivwmeoxxxsc1hix.png",Cyanocobalamin (500mcg)not available,https://www.1mg.com/drugs/b-vit-12-injection-371941
29,Brutaflam PG 75mg/60mg Tablet,₹ 220,220,True,strip of 10 tablets,strip ,10,tablets,Mankind Pharma Ltd,"https://onemg.gumlet.io/a_ignore,w_380,h_380,c_fit,q_auto,f_auto/hx2gxivwmeoxxxsc1hix.png",Pregabalin (75mg) + Etoricoxib (60mg),https://www.1mg.com/drugs/brutaflam-pg-75mg-60mg-tablet-710746
